Municipality code;promedio_tasa_dengue_mensual;promedio_tasa_dengue_mensual_x10000_habitantes
5001;0.00013985617814641648;1.3985617814643019
5002;2.981705440708962e-05;0.2981705440709392
5004;1.690095373076389e-05;0.16900953730765417
5021;1.753918860751667e-05;0.17539188607518696
5030;0.00015826316758330705;1.5826316758331886
5031;7.492954583881774e-06;0.07492954583881775
5034;4.431015603187935e-05;0.44310156031882897
5036;9.473647285156944e-06;0.09473647285160351
5038;5.666032752395665e-06;0.05666032752395665
5040;3.088792751894652e-05;0.30887927518948666
5042;0.0002627994489306108;2.627994489306258
5044;0.00010072064032361389;1.0072064032362575
5045;7.454690540684039e-05;0.7454690540685234
5051;0.00010512211613095739;1.0512211613097753
5055;7.320530300104167e-06;0.07320530300107055
5059;9.079842172552292e-05;0.9079842172553756
5079;7.541965715914491e-05;0.754196571591554
5086;5.8658263058826395e-06;0.05865826305883496
5088;8.91006456256277e-05;0.8910064562563996
5091;0.00010723650438102074;1.0723650438102745
5093;3.947937987568229e-05;0.3947937987568548
5101;0.00017961900427014555;1.7961900427016504
5107;3.563872119083403e-05;0.35638721190838785
5113;3.6221991623786804e-05;0.3622199162379254
5120;5.998353117122879e-05;0.5998353117123681
5125;1.2020452823724306e-05;0.12020452823727094
5129;2.1791663160947704e-05;0.21791663160950372
5134;8.07222445719375e-06;0.08072224457195903
5138;6.920447864791073e-05;0.692044786479181
5142;0.00010317304593355624;1.031730459335663
5145;2.5734167294618056e-06;0.02573416729462892
5147;0.00010078448592194822;1.0078448592196372
5148;2.8820862722342813e-06;0.028820862722342806
5150;6.713892940593056e-06;0.06713892940594995
5154;5.112443854756903e-05;0.5112443854757506
5172;4.784616072579007e-05;0.4784616072579831
5190;0.00016300163262085888;1.6300163262087772
5197;2.0469273569400274e-05;0.20469273569401147
5206;9.829283908568056e-06;0.0982928390857041
5209;7.525233846667332e-06;0.07525233846667331
5212;8.530974271431216e-05;0.8530974271432249
5234;6.544692932880489e-05;0.6544692932881407
5237;5.245776969927083e-06;0.05245776969928041
5240;4.309512390887507e-05;0.43095123908879657
5250;6.636316343336209e-05;0.6636316343337296
5264;1.9982659064855767e-06;0.019982659064855766
5266;8.361843876902869e-05;0.836184387690349
5282;6.197042122257221e-05;0.6197042122257584
5284;5.332420033966377e-05;0.5332420033966796
5306;9.37647440832639e-06;0.09376474408327967
5308;0.00010482361152410838;1.0482361152412478
5310;8.667341998241767e-06;0.08667341998243239
5313;0.00013201464585815687;1.3201464585816327
5315;9.826115774572916e-06;0.0982611577457434
5318;4.5122604637902566e-06;0.045122604637902554
5321;2.7842071056270834e-05;0.2784207105627756
5347;6.705803350767916e-05;0.6705803350768531
5353;0.00016666078895822016;1.66660788958227
5360;0.00021626557355038315;2.1626557355039857
5361;3.7418958863438e-05;0.37418958863440765
5364;1.6674173005003854e-05;0.16674173005006832
5368;2.3056128870022588e-05;0.23056128870025955
5376;5.715950864311651e-06;0.0571595086431165
5380;9.349801677612115e-05;0.934980167761259
5390;0.0002355126109449778;2.35512610945002
5400;3.4069904820216575e-06;0.03406990482021657
5411;0.00012140600970366151;1.2140600970368025
5425;0.00011678661731863194;1.1678661731865314
5440;4.196238925254578e-06;0.04196238925254578
5467;3.123258332854583e-05;0.31232583328551045
5475;7.78780741152986e-06;0.07787807411531922
5480;7.763467523589271e-05;0.7763467523590437
5483;1.2429692110139772e-05;0.12429692110141256
5490;0.00017833680405372816;1.783368040537503
5495;6.931382102117599e-05;0.6931382102118033
5501;5.890450935315209e-05;0.589045093531569
5541;3.5487035486432895e-06;0.035487035486432894
5543;0.00012834173590159652;1.2834173590160405
5576;8.77029089876736e-06;0.08770290898770622
5579;0.00016292113941346778;1.6292113941349315
5585;8.194916112709613e-05;0.8194916112711401
5591;7.395680696294374e-05;0.7395680696296105
5604;4.361745804952345e-05;0.43617458049529145
5607;7.39953603267218e-06;0.07399536032673355
5615;3.981314749486964e-06;0.03981314749486964
5628;3.7685331414027084e-05;0.3768533141403463
5631;9.09784486732781e-05;0.9097844867328563
5642;3.12885671271888e-05;0.3128856712719539
5647;1.6747262100461114e-05;0.16747262100465526
5649;5.535742896299969e-05;0.553574289630077
5652;1.5066422308651388e-05;0.15066422308655608
5656;0.00023029758869681918;2.302975886968418
5658;1.4533735297606944e-05;0.14533735297608247
5659;8.828553940999146e-05;0.8828553941000171
5660;9.073783192862416e-05;0.9073783192863581
5664;8.274540525237602e-06;0.08274540525237825
5665;9.211314676865085e-05;0.9211314676866168
5667;7.736682646634591e-05;0.7736682646635248
5670;1.8483659811047554e-05;0.18483659811049613
5674;9.350614385496852e-06;0.09350614385497383
5679;0.00010993542935103271;1.099354293510437
5686;6.031413972283604e-06;0.06031413972283603
5690;2.1184496634454975e-05;0.21184496634457392
5697;4.446088093039734e-06;0.04446088093039734
5736;6.590023034703352e-05;0.6590023034704117
5756;6.137199314134549e-06;0.061371993141345484
5761;0.0001429200667735658;1.4292006677358886
5789;4.064351565927099e-05;0.4064351565927362
5790;6.878217861657939e-05;0.6878217861658802
5792;0.00017750264934574515;1.7750264934575934
5809;0.00011594105888572996;1.1594105888573687
5819;5.361862636814236e-05;0.5361862636815222
5837;7.855896994172126e-05;0.7855896994173499
5842;9.652225030847846e-05;0.9652225030849425
5847;5.473112757654772e-06;0.05473112757655332
5854;5.981330038871084e-05;0.5981330038871803
5856;0.0003456277494235069;3.4562774942352967
5858;8.049148847016931e-05;0.8049148847017675
5861;7.799002212567638e-05;0.7799002212568494
5873;1.703799600053333e-05;0.17037996000538713
5885;8.473329853231596e-05;0.8473329853232981
5887;1.0982006997749035e-05;0.10982006997749606
5890;9.54551239891173e-05;0.9545512398913011
5893;0.00017716059651811959;1.7716059651814655
5895;5.731530868471785e-05;0.5731530868472773
8001;0.00012710420404163491;1.2710420404166283
8078;0.00015907581696772565;1.5907581696774795
8137;2.510667488362074e-05;0.25106674883624985
8141;0.0001489803320618257;1.489803320618339
8296;0.00020875502955972644;2.087550295597558
8372;0.00012840684271236188;1.284068427123812
8421;0.00016005376828117951;1.6005376828119262
8433;0.00014179807679360018;1.4179807679363146
8436;7.367987224028011e-05;0.7367987224029141
8520;0.00015575089529421888;1.5575089529423094
8549;0.00012270367948614792;1.227036794861627
8558;0.0002150162070008454;2.1501620700086015
8560;0.00013804744130360824;1.3804744130362303
8573;0.0001347141876386186;1.3471418763864405
8606;7.210673548165892e-05;0.7210673548166839
8634;0.00014877632753076606;1.487763275307927
8638;0.00011526492934234762;1.1526492934236368
8675;2.3535985594249248e-05;0.23535985594251066
8685;0.00022482371939429107;2.248237193943095
8758;9.493447100361256e-05;0.9493447100363406
8770;0.0001401419674531913;1.4014196745320642
8832;0.00021552613039306346;2.1552613039308293
8849;0.00016326233607108343;1.6326233607110368
11001;3.595892464445988e-07;0.003595892464445979
13001;5.749697731181985e-05;0.5749697731182889
13006;6.822884698968427e-05;0.682288469896958
13030;3.3641629267169946e-05;0.33641629267172757
13042;0.00015377658418048404;1.5377658418049511
13052;8.526815399818505e-05;0.8526815399819916
13062;6.572378977841666e-06;0.06572378977844362
13074;0.00011409074523990746;1.1409074523991785
13140;1.8842008888296322e-05;0.18842008888297734
13160;0.0001481102860248236;1.4811028602484195
13188;4.01512768954696e-05;0.401512768954739
13212;4.418888499606704e-05;0.4418888499607536
13222;1.8076038268887016e-05;0.18076038268887584
13244;0.00014759591490025252;1.47595914900276
13248;3.885386094132361e-05;0.388538609413345
13268;4.683872406290972e-05;0.46838724062914466
13300;1.7901035129917076e-05;0.1790103512991821
13430;0.00011541185954324914;1.1541185954326452
13433;2.0651950569626257e-05;0.20651950569629043
13440;2.9453265425888402e-05;0.29453265425892805
13442;6.592802102784161e-06;0.06592802102784162
13458;5.2294003103541286e-05;0.5229400310354898
13468;0.0001521048299214701;1.5210482992148764
13473;0.00012688544359561323;1.2688544359562652
13490;0.0001169949035661841;1.1699490356619788
13549;4.42398876299499e-05;0.4423988762995403
13580;0.00012853922193431527;1.2853922193432676
13600;0.00010068358942248253;1.0068358942249422
13620;2.7320077339065276e-05;0.2732007733907473
13647;9.058830090294604e-06;0.09058830090295585
13650;2.0601243855132882e-05;0.20601243855135798
13654;4.8935120924407116e-05;0.48935120924410636
13655;3.9324504550075004e-05;0.3932450455008223
13657;7.501523854407547e-05;0.7501523854408322
13667;0.00012777665384167776;1.2777665384169317
13670;5.839830249008069e-05;0.5839830249009067
13673;1.4150496425319656e-05;0.14150496425320305
13683;9.020788959197018e-05;0.9020788959198041
13688;0.0004153189104256418;4.153189104256694
13744;0.00010915231506067507;1.0915231506069256
13760;4.8011358194994565e-05;0.48011358195001413
13780;5.4466255600551456e-05;0.5446625560055679
13810;6.487160201266157e-05;0.6487160201266927
13836;5.670380317478729e-05;0.5670380317479595
13838;4.3221440455602734e-05;0.4322144045560722
13873;3.873561646854982e-05;0.3873561646855501
13894;4.219629913079828e-05;0.4219629913080308
15001;9.848162757983874e-07;0.00984816275798387
15022;0.0;0.0
15047;1.2703622728102684e-06;0.012703622728102684
15051;0.0;0.0
15087;1.6542943062118055e-06;0.01654294306212451
15090;7.028947219045972e-05;0.7028947219046392
15092;0.0;0.0
15097;4.7070217068947915e-05;0.4707021706895102
15104;0.00010088823583421736;1.0088823583423567
15106;2.0650429528931947e-05;0.206504295289342
15109;2.5133711344347223e-06;0.025133711344351953
15114;0.0;0.0
15131;0.00017885457156468194;1.7885457156469355
15135;0.0001436946409967278;1.436946409967315
15162;1.8703055331118056e-06;0.018703055331118892
15172;1.1635130006788195e-05;0.11635130006790513
15176;9.904729416053008e-07;0.009904729416053006
15180;1.365135530654861e-06;0.013651355306554836
15183;1.333954752955735e-06;0.013339547529557353
15185;0.00026434234500117084;2.6434234500118894
15187;0.0;0.0
15189;5.664390665239584e-06;0.056643906652418016
15204;0.0;0.0
15212;0.00027571021171544165;2.7571021171544694
15215;2.765609097747222e-06;0.02765609097747688
15218;1.7986787464940972e-05;0.1798678746494381
15223;0.00026592832262574233;2.659283226257733
15224;3.3692304174701393e-06;0.03369230417471003
15226;0.0;0.0
15232;0.0;0.0
15236;9.104713166349305e-06;0.09104713166350292
15238;2.055972252685188e-06;0.020559722526851874
15244;1.2829197200152777e-06;0.012829197200156003
15248;7.40125805405e-06;0.07401258054051568
15272;0.0;0.0
15276;0.0;0.0
15293;0.0;0.0
15296;0.0;0.0
15299;3.617577571592851e-05;0.3617577571593226
15317;3.3290721210180558e-06;0.033290721210184296
15322;2.147712461683612e-05;0.21477124616837956
15325;3.4181022696194445e-06;0.034181022696199076
15332;0.0;0.0
15362;0.0;0.0
15367;9.704366188430556e-07;0.009704366188435502
15368;0.0;0.0
15377;9.710317912929791e-05;0.9710317912930686
15380;1.1965349999676388e-05;0.11965349999677295
15401;0.0004769442898621847;4.769442898621973
15403;6.183236423138194e-06;0.061832364231393586
15407;3.390472325763032e-06;0.03390472325763032
15425;4.423628314934028e-06;0.044236283149359346
15442;0.00011570527016676945;1.1570527016677743
15455;0.00017039024730273818;1.7039024730275374
15464;0.0;0.0
15466;1.400654385728472e-06;0.014006543857290126
15469;0.00030545554207195687;3.0545554207197934
15476;0.0;0.0
15480;0.0004619574961944404;4.619574961944661
15491;4.5418210885836787e-07;0.004541821088583678
15494;3.6574130093965275e-06;0.036574130093976844
15500;0.0;0.0
15507;0.0002613528504978195;2.6135285049784183
15511;2.321004159238889e-06;0.02321004159239453
15514;0.00015206817833763057;1.5206817833763868
15516;3.3871708330274705e-06;0.033871708330274704
15518;0.00022824952047985347;2.2824952047986287
15522;0.0;0.0
15531;0.00017282602289121608;1.728260228912295
15533;5.7675665577629854e-05;0.5767566557763363
15537;0.0;0.0
15542;0.0;0.0
15550;3.858024691357639e-06;0.038580246913580245
15572;0.0002194987389987555;2.1949873899878987
15580;0.00012094302971449237;1.209430297145009
15599;7.2709082236875e-07;0.007270908223688037
15600;0.0;0.0
15621;2.5142811167430553e-06;0.025142811167431008
15632;5.45689489583879e-07;0.005456894895838791
15638;0.0;0.0
15646;0.0;0.0
15660;2.597298050177361e-05;0.2597298050177622
15664;0.00018588324222968192;1.858832422296946
15667;0.00013627254389261945;1.3627254389263408
15673;1.3166705362006944e-05;0.13166705362009629
15676;0.0;0.0
15681;0.00017105029704697083;1.7105029704698556
15686;0.00046222071938957564;4.622207193895964
15690;7.502034616618056e-05;0.7502034616618684
15693;0.0;0.0
15696;2.2130160753486114e-06;0.022130160753487713
15720;2.6175817732541666e-06;0.026175817732545965
15723;0.0;0.0
15740;0.0;0.0
15753;0.0005115082027208625;5.115082027208796
15755;7.235303651222222e-07;0.007235303651223637
15757;8.9260211368125e-07;0.008926021136818051
15759;1.4107019388852483e-06;0.014107019388852476
15761;2.084792688214583e-06;0.020847926882150838
15762;2.370926747846528e-06;0.023709267478471987
15763;0.0;0.0
15764;0.0;0.0
15774;2.240143369175e-06;0.022401433691756272
15776;0.0;0.0
15778;3.0850486203652777e-06;0.030850486203662566
15790;1.0581204395006945e-06;0.010581204395009057
15798;4.2550096231990276e-05;0.42550096231993134
15804;0.0;0.0
15806;5.391230839565596e-07;0.005391230839565597
15808;0.0;0.0
15810;0.000182373981115075;1.823739811150814
15814;0.0;0.0
15816;6.140545840609513e-05;0.6140545840610425
15820;1.8906736848472223e-06;0.018906736848473847
15822;0.0;0.0
15832;7.094978678359166e-05;0.7094978678359413
15835;0.0;0.0
15837;0.0;0.0
15839;0.0;0.0
15842;0.0;0.0
15861;4.816510226414513e-07;0.0048165102264145125
15879;0.0;0.0
15897;1.270177985989514e-05;0.12701779859898035
17001;4.602371813420014e-06;0.04602371813420048
17013;3.915815805189638e-05;0.39158158051898584
17042;2.6441879248444776e-05;0.2644187924845074
17050;2.7931143604666503e-06;0.027931143604666506
17088;4.184161846184302e-05;0.41841618461847524
17174;0.0001368719734772868;1.3687197347730402
17272;6.294026820781703e-05;0.6294026820782127
17380;0.00018132389777992202;1.8132389777994387
17388;2.0137842302646526e-05;0.20137842302649778
17433;2.970798906372394e-05;0.2970798906372829
17442;0.0003644019108251201;3.6440191082514195
17444;8.939314763144411e-05;0.893931476314529
17446;0.0;0.0
17486;5.936079163614673e-06;0.05936079163615329
17495;0.00037416338751941944;3.74163387519436
17513;2.29682497490335e-06;0.0229682497490335
17524;0.00016806724908387342;1.6806724908388961
17541;1.1276414417065184e-05;0.11276414417066177
17614;2.6165809866727816e-05;0.2616580986673131
17616;0.0001143427171291194;1.1434271712912925
17653;2.2289597095794008e-05;0.22289597095798566
17662;3.213366848250288e-05;0.32133668482506295
17665;9.697895210248611e-06;0.09697895210251896
17777;9.518891171599008e-05;0.9518891171599964
17867;7.530891142061969e-05;0.7530891142063791
17873;3.5396837108249476e-06;0.035396837108249465
17877;0.0002007892259837408;2.007892259837612
18001;0.00010329961203014742;1.0329961203016333
18029;0.00035190781617446665;3.519078161744902
18094;6.964116396303792e-05;0.6964116396305003
18150;4.680198631872408e-05;0.46801986318729205
18205;0.0003983137225872083;3.9831372258723636
18247;0.00010191927927601687;1.0191927927603195
18256;6.0951687978516915e-05;0.6095168797852815
18410;5.237501189945005e-05;0.5237501189945645
18460;5.702299275480695e-05;0.5702299275482003
18479;0.00014352769079178124;1.435276907917917
18592;0.00017593612262154073;1.759361226215609
18610;6.276580977655255e-05;0.6276580977655624
18753;0.0004219991416863245;4.219991416863622
18756;0.00014130380737539648;1.413038073754143
18785;6.509275980959167e-05;0.6509275980960204
18860;9.963879268979167e-05;0.9963879268981282
19001;1.2150114469387083e-05;0.12150114469388308
19022;0.0;0.0
19050;2.983206860673811e-05;0.29832068606742745
19075;1.616821105403425e-05;0.1616821105403698
19100;4.462096604349323e-06;0.04462096604349322
19110;1.791536128999288e-05;0.17915361289994636
19130;3.82727141667408e-06;0.038272714166740794
19137;6.7569031858226e-06;0.06756903185822599
19142;3.947184062366862e-05;0.3947184062367454
19212;5.3392149363771114e-05;0.5339214936377956
19256;9.364423574398894e-06;0.09364423574399768
19290;0.0014332291470572757;14.332291470573004
19300;2.5896346913669965e-05;0.25896346913674645
19318;3.6646301915615414e-05;0.3664630191562081
19355;3.1333798328165263e-06;0.03133379832816526
19364;3.0681705186870976e-06;0.03068170518687098
19392;7.729314775628396e-06;0.0772931477562943
19397;9.374472689212921e-06;0.09374472689214541
19418;4.387666201713473e-06;0.043876662017139766
19450;6.036968005355235e-05;0.6036968005356215
19455;8.965782190495776e-05;0.8965782190497106
19473;3.5659881404532194e-06;0.0356598814045322
19513;8.430807705364861e-05;0.8430807705366846
19517;1.075093675894633e-05;0.1075093675894718
19532;0.00016143216473690365;1.6143216473691897
19533;0.00011966650637451875;1.196665063745313
19548;1.0485570071299776e-05;0.10485570071300426
19573;9.551544090656198e-05;0.955154409065757
19585;4.2432142517685716e-07;0.004243214251768572
19622;5.204645574448537e-06;0.05204645574448986
19693;2.048872943063551e-06;0.02048872943063551
19698;8.720323758812344e-05;0.8720323758813571
19701;5.361957607303472e-06;0.05361957607304671
19743;2.821487734227783e-06;0.02821487734227783
19760;4.1481658469890954e-07;0.004148165846989096
19780;8.628242320485163e-06;0.08628242320486339
19785;7.22864087318479e-05;0.7228640873186075
19807;5.941886677406444e-06;0.059418866774064445
19809;1.7515523435827398e-05;0.1751552343582968
19821;2.7553468008177905e-06;0.0275534680081779
19824;9.69679808211719e-07;0.00969679808211719
19845;6.47832748219947e-05;0.6478327482200619
20001;0.00019770818824716723;1.9770818824719671
20011;0.0002349858943878579;2.349858943878841
20013;0.00019573359915300002;1.9573359915302815
20032;7.91225457197636e-05;0.7912254571977713
20045;5.977244539457132e-05;0.5977244539457941
20060;0.00011947953575448941;1.1947953575450256
20175;5.994119526450566e-05;0.5994119526451364
20178;0.0002857939141986005;2.8579391419862206
20228;0.0002842766696794206;2.8427666967944303
20238;6.401999709428889e-05;0.6401999709430205
20250;7.781295154722973e-05;0.778129515472389
20295;0.00014000873790327205;1.4000873790329218
20310;2.964954693169375e-05;0.296495469317025
20383;0.0002199732638123941;2.1997326381241398
20400;0.00020474389089357296;2.0474389089359883
20443;0.00042018220135703707;4.201822013570718
20517;0.00016892717689379923;1.689271768938195
20550;0.0002036338115566118;2.0363381155663705
20570;0.00013450486643022875;1.3450486643024895
20614;0.00010038866584180314;1.0038866584181887
20621;0.0002061209261878381;2.061209261878625
20710;0.0003427462697113741;3.4274626971140916
20750;0.00013904697213999351;1.390469721400129
20770;0.0002217908705550369;2.2179087055505664
20787;0.0001313481766485894;1.3134817664860663
23001;9.681609960216852e-05;0.9681609960218055
23068;4.098287985390753e-05;0.40982879853912346
23079;2.510821129653256e-05;0.2510821129653484
23090;5.96176544723458e-05;0.5961765447235585
23162;6.481328746083868e-05;0.6481328746085117
23168;4.05145338662972e-05;0.4051453386630468
23182;4.7103722491198026e-05;0.4710372249120531
23189;5.140825895999314e-05;0.5140825896000026
23300;6.769212961416402e-05;0.6769212961417259
23350;2.515932273914369e-05;0.25159322739147977
23417;6.976070308166814e-05;0.6976070308167909
23419;4.936753047944962e-05;0.493675304794558
23464;5.081964168953057e-05;0.5081964168953884
23466;9.09956253669311e-05;0.9099562536694518
23500;3.378890172465476e-05;0.33788901724661524
23555;6.777770066589241e-05;0.6777770066590035
23570;0.00022528845581254328;2.2528845581256736
23574;5.9940591708926294e-05;0.5994059170893566
23580;9.868450664575845e-05;0.9868450664577334
23586;2.3477711642916507e-05;0.2347771164292175
23660;6.569988883777984e-05;0.6569988883778728
23670;4.530765124229033e-05;0.453076512422962
23672;2.8117910417893796e-05;0.2811791041789873
23675;2.1219273908736433e-05;0.2121927390873948
23678;3.4858895990672346e-05;0.34858895990677063
23682;5.626801929393871e-05;0.5626801929394665
23686;5.4551333235479e-05;0.5455133323548877
23807;7.441777580292027e-05;0.7441777580293774
23815;4.8656232257925996e-05;0.48656232257934
23855;0.00012248042691059924;1.2248042691060883
25001;0.00025295306006280547;2.5295306006283846
25019;7.76968663916111e-06;0.07769686639162869
25035;0.0005034922942573606;5.034922942573928
25040;5.4003928648628655e-05;0.5400392864863226
25053;0.00016988394060065976;1.6988394060067136
25086;8.779488723320903e-05;0.8779488723321447
25095;0.0001743531942684882;1.7435319426849296
25099;7.749579699655556e-06;0.07749579699659988
25120;1.7559065846149997e-05;0.1755906584615342
25123;4.84255655102638e-05;0.4842556551027599
25126;1.152694671718458e-06;0.011526946717184579
25148;8.399235976172238e-05;0.8399235976173344
25151;6.0106277248113434e-05;0.6010627724812383
25154;0.0;0.0
25168;7.649079222983125e-05;0.7649079222983707
25175;2.8906127809044255e-06;0.02890612780904425
25178;8.572967072846528e-06;0.08572967072849354
25181;6.22944633960126e-06;0.06229446339601968
25183;3.390663101096598e-06;0.03390663101096598
25200;3.3996399101407176e-07;0.0033996399101407174
25214;2.3833510761348602e-06;0.023833510761348604
25224;9.5653504744375e-07;0.009565350474441382
25245;0.0004415141385764768;4.415141385765097
25258;0.00015057160775229928;1.5057160775231069
25260;2.553557096021946e-06;0.02553557096021946
25269;3.617755332484394e-06;0.03617755332484393
25279;5.8720987144471574e-06;0.05872098714447538
25281;4.5925079404541664e-06;0.04592507940456255
25286;1.7229937229945869e-06;0.017229937229945865
25288;4.118034741268056e-06;0.04118034741268847
25290;0.00016031407966794273;1.603140796679549
25293;2.197269334401389e-06;0.021972693344018315
25295;1.5700692485216186e-06;0.015700692485216185
25297;7.705397176823963e-06;0.0770539717682487
25299;0.0;0.0
25307;0.0003992080637640265;3.992080637640668
25312;7.773606963179168e-06;0.0777360696318192
25317;2.2120140423011546e-06;0.022120140423011542
25320;0.00012227457326211482;1.2227457326212774
25322;9.912693160805181e-07;0.00991269316080518
25324;0.00011569893918801528;1.1569893918802692
25326;0.0;0.0
25328;6.585211756032708e-05;0.6585211756033575
25335;0.00025801264862892705;2.580126486289503
25339;6.107024161769445e-06;0.06107024161770813
25368;8.628363838456319e-05;0.8628363838456846
25372;2.88010835389375e-06;0.028801083538946306
25377;4.324691510016852e-06;0.04324691510017282
25386;0.00042124453697747717;4.212445369775116
25394;0.00020930451381739168;2.0930451381741118
25398;9.54338929416493e-05;0.9543389294166233
25402;0.0003340094157237633;3.3400941572379015
25407;0.0;0.0
25426;2.060093971421528e-06;0.020600939714223252
25430;2.032915236267284e-06;0.02032915236267284
25436;0.0;0.0
25438;0.00014096521779569113;1.409652177957115
25473;2.0523190938890237e-06;0.02052319093889023
25483;0.0001479846390690479;1.4798463906905892
25486;1.107858016721556e-06;0.011078580167215558
25488;0.0014751093501199754;14.751093501200147
25489;0.00032310324507850625;3.2310324507852375
25491;0.0003319789792439931;3.319789792440144
25506;3.544342442781667e-05;0.3544342442782099
25513;3.41457232694222e-05;0.34145723269425193
25518;9.300890000510832e-05;0.9300890000511379
25524;0.0002302131617012097;2.3021316170122716
25530;0.0002551440151204708;2.5514401512050124
25535;8.379378667538195e-06;0.08379378667540836
25572;0.0003128778983276323;3.128778983276624
25580;9.977632993066181e-05;0.9977632993066652
25592;0.00012482088283445903;1.2482088283447368
25594;2.095341577495625e-05;0.20953415774959883
25596;0.00012023278133659374;1.2023278133660829
25599;0.0002833828172402104;2.8338281724023573
25612;0.00026421706863808314;2.6421706863811303
25645;3.5993883133441626e-05;0.3599388313344512
25649;1.861573681424968e-05;0.18615736814253656
25653;1.1654314801577083e-05;0.1165431480158095
25658;0.0002465638521825581;2.465638521825778
25662;0.00016365361358481866;1.6365361358484152
25718;0.00016031154427169223;1.6031154427170842
25736;0.0;0.0
25740;8.016844723852347e-07;0.008016844723852347
25743;0.00011692616576515744;1.169261657651681
25745;0.0;0.0
25754;1.3174335007923896e-06;0.01317433500792388
25758;3.5914946965175834e-06;0.03591494696517583
25769;1.4297403133207653e-06;0.014297403133207653
25772;8.982713237231309e-07;0.008982713237231309
25777;1.47654083348625e-05;0.14765408334865368
25779;0.0;0.0
25781;1.3408851987722222e-06;0.013408851987728223
25785;3.3774137212319068e-06;0.033774137212323266
25793;8.760495073097222e-07;0.00876049507309757
25797;0.00014556808160621527;1.4556808160623367
25799;1.837489318787675e-06;0.018374893187877144
25805;0.00014708719264254792;1.4708719264255479
25807;0.0;0.0
25815;0.00032565444460656086;3.256544446065947
25817;2.304683085235348e-06;0.023046830852353484
25823;0.00020154977095151737;2.015497709515283
25839;1.3772514324850333e-05;0.13772514324851903
25841;7.193315909757639e-06;0.07193315909759503
25843;9.492243905776192e-07;0.009492243905776191
25845;1.5936762924708333e-06;0.015936762924714732
25851;0.0005192110365392701;5.192110365392869
25862;0.0003565828272830667;3.565828272830832
25867;0.00019187519129889238;1.918751912989029
25871;1.921430598808472e-05;0.19214305988086128
25873;8.275151517262606e-07;0.008275151517262606
25875;0.000566043965541147;5.660439655411863
25878;0.0002057885385578147;2.0578853855784076
25885;9.291232566398679e-05;0.9291232566399541
25898;6.934829292591666e-06;0.06934829292593576
25899;2.7616588980297295e-06;0.027616588980297285
27001;2.7619615799970377e-05;0.27619615799972147
27006;2.4339625557060876e-05;0.24339625557064481
27025;4.467120744485522e-06;0.04467120744485521
27050;4.042183066687917e-05;0.4042183066688635
27073;3.5302209558071466e-05;0.3530220955807536
27075;2.173304174498997e-05;0.21733041744991724
27077;5.577250452859643e-05;0.5577250452860147
27099;1.0160691736585592e-05;0.10160691736587156
27135;6.212922680483403e-05;0.6212922680484361
27150;5.007493259049967e-06;0.050074932590504016
27160;4.166986707332222e-05;0.41669867073330547
27205;3.556841129925676e-05;0.3556841129926462
27245;7.208854483836805e-06;0.0720885448384062
27250;2.328179811150341e-05;0.23281798111506402
27361;0.00011014033433673186;1.1014033433674255
27372;8.263217964875695e-06;0.08263217964876429
27413;1.20674467805923e-05;0.12067446780594457
27425;6.526834442774644e-06;0.06526834442774644
27430;6.798424606894803e-05;0.6798424606895617
27450;3.216625844156996e-05;0.3216625844157439
27491;8.049622166660694e-05;0.8049622166661855
27495;7.394006443479498e-06;0.07394006443480998
27580;8.435093418623056e-05;0.843509341862418
27600;1.4953294055854167e-05;0.1495329405585787
27615;1.2489414265161409e-05;0.12489414265162385
27660;2.4844643381461112e-05;0.24844643381465334
27745;3.223205457488125e-05;0.32232054574887514
27787;1.1473666376601633e-05;0.11473666376602434
27800;2.6693777028866645e-05;0.2669377702887038
27810;6.539584488936736e-05;0.6539584488937664
41001;0.0004422417401939806;4.422417401940278
41006;0.00010335397593770004;1.033539759377206
41013;0.00028159153811856526;2.8159153811859987
41016;0.0005934550530174463;5.934550530174904
41020;0.00040170435513395546;4.017043551339848
41026;0.00018452164532898956;1.8452164532900994
41078;0.000266229637296;2.6622963729603137
41132;0.000302270781443158;3.0227078144318567
41206;0.00016238357540118196;1.6238357540120942
41244;0.00031430261382756254;3.143026138275806
41298;0.0003942662148516712;3.9426621485171114
41306;0.0001683129664306373;1.683129664306534
41319;0.0002495205137336038;2.495205137336298
41349;0.0004962280646595924;4.962280646596168
41357;0.00021722313057573873;2.172231305757665
41359;4.355714517148548e-05;0.43557145171495487
41378;3.2482053186852036e-05;0.32482053186854576
41396;0.0002960482564724631;2.9604825647249675
41483;0.00012700628197132428;1.2700628197133343
41503;2.419702673277149e-05;0.24197026732774582
41518;0.00019580679267180626;1.9580679267182584
41524;0.0002964275532112621;2.9642755321129073
41530;5.392248638123009e-05;0.5392248638123655
41548;0.00010944774891815993;1.0944774891817877
41551;0.0002514389971816374;2.514389971816648
41615;0.0003609038225132232;3.6090382251326423
41660;4.032921079279658e-05;0.40329210792801856
41668;0.00012146457649625396;1.2146457649626614
41676;0.0001813288764827572;1.8132887648277136
41770;9.723217358619705e-05;0.9723217358621016
41791;0.0001703294081830418;1.7032940818306674
41797;0.000393874702117703;3.9387470211772717
41799;0.0002101755801932179;2.101755801932464
41801;0.00023128081801355763;2.312808180135865
41807;0.00039846827939059786;3.984682793906325
41872;0.00016577241214452569;1.6577241214455074
41885;0.0003615406688217118;3.6154066882173805
44001;0.00011122737695959677;1.112273769596179
44035;9.196661293651683e-05;0.9196661293652775
44078;0.00013468216445360195;1.346821644536166
44090;8.148251489248369e-05;0.8148251489249609
44098;7.548377450228703e-05;0.7548377450229661
44110;0.00017489663991195417;1.748966399119735
44279;6.719509310976212e-05;0.6719509310977007
44378;8.974861935053641e-05;0.8974861935054759
44420;3.767193451054306e-05;0.37671934510546723
44430;9.335584407821263e-05;0.933558440782268
44560;5.049723816505483e-05;0.5049723816506037
44650;0.0001794318261665632;1.7943182616659061
44847;2.9879529627814566e-05;0.29879529627817897
44855;7.317971025191152e-05;0.7317971025192196
44874;0.00037055340501352145;3.7055340501355505
47001;0.0001083935341725978;1.0839353417261264
47030;2.8111680890017954e-05;0.2811168089002196
47053;2.865011263250615e-05;0.28650112632509467
47058;0.00014690993205232638;1.4690993205233986
47161;3.0108435130868054e-06;0.030108435130885163
47170;7.001319982815692e-05;0.7001319982817246
47189;4.992165547975201e-05;0.4992165547976055
47205;4.006984905881492e-06;0.040069849058819634
47245;3.6641685191911324e-05;0.3664168519191504
47258;3.559756060324052e-05;0.3559756060324411
47268;3.0321953896461206e-05;0.30321953896465925
47288;0.0001232793506907962;1.2327935069080602
47318;0.0001515263180095924;1.5152631800960537
47460;4.3225757244651356e-05;0.4322575724465938
47541;5.490172836815972e-06;0.0549017283681883
47545;6.534892404636109e-05;0.653489240463686
47551;6.28613452114696e-05;0.6286134521148017
47555;4.0637314464515534e-05;0.40637314464521884
47570;1.3109729071584354e-05;0.1310972907158475
47605;7.0999588614808745e-06;0.07099958861480876
47660;5.8669593610974445e-05;0.5866959361097885
47675;3.345147807401351e-05;0.3345147807401836
47692;8.85632533646512e-05;0.8856325336466107
47703;3.898924734010125e-05;0.38989247340105077
47707;8.133606806437126e-05;0.8133606806438205
47720;9.234815856302552e-05;0.9234815856303626
47745;1.2529725949838637e-05;0.12529725949838955
47798;4.9488612387199006e-05;0.49488612387204234
47960;4.246713295418542e-05;0.42467132954191134
47980;1.5911988583766827e-05;0.1591198858376869
50001;0.0003989396269728932;3.9893962697293435
50006;0.0006860535782836615;6.860535782837101
50110;0.0006103460267780666;6.1034602677809815
50124;0.00044888890305491664;4.488889030549417
50150;0.0008092436486254378;8.092436486254801
50223;0.0003690074449374375;3.690074449374614
50226;0.00041347259632590826;4.134725963259477
50245;1.7722372971769443e-05;0.1772237297177031
50251;0.0003516780518928972;3.5167805189293566
50270;0.00035566319933761666;3.5566319933764197
50287;0.0004043880401994781;4.043880401995048
50313;0.0003026635574363068;3.0266355743633993
50318;0.0004945726483174747;4.945726483175166
50325;0.00016901741394991974;1.6901741394993575
50330;0.0001398046431614769;1.3980464316149384
50350;0.0003507770125604012;3.5077701256042775
50370;0.00017760046336985416;1.7760046336987727
50400;0.00028303426666840506;2.8303426666843077
50450;0.0002405030509729083;2.405030509729318
50568;0.0003098849174192105;3.098849174192377
50573;0.0005210620188596456;5.210620188596852
50577;0.00021432545233531273;2.1432545233533427
50590;0.0003177182054706865;3.177182054707093
50606;0.0004169203618422481;4.169203618422865
50680;0.0006056449890013252;6.056449890013585
50683;0.0002096520211991993;2.096520211992291
50686;2.0037318158788196e-05;0.20037318158790066
50689;0.00021007150582393484;2.1007150582396976
50711;0.00030524590074882145;3.0524590074886415
52001;2.413999519370059e-06;0.024139995193700567
52019;9.408151389692883e-07;0.009408151389692884
52022;0.0;0.0
52036;1.20351683250875e-05;0.120351683250913
52051;3.365315796776389e-06;0.03365315796777699
52079;1.3729722170577159e-05;0.13729722170577158
52083;1.1035189010715277e-06;0.011035189010717376
52110;1.1600788361306805e-06;0.011600788361306806
52203;5.425887642451368e-06;0.054258876424523164
52207;1.0183238326818244e-06;0.010183238326818243
52210;0.0;0.0
52215;6.2386253410804124e-06;0.06238625341081388
52224;0.0;0.0
52227;6.746792644950797e-07;0.0067467926449507965
52233;4.207898314623611e-06;0.04207898314625391
52240;2.267959678661083e-06;0.022679596786610832
52250;1.320181502371195e-05;0.13201815023713123
52254;5.612185714580555e-06;0.05612185714583356
52256;1.0997781412503856e-05;0.10997781412504959
52258;7.5960523892058925e-06;0.07596052389208159
52260;2.327720389290121e-06;0.02327720389290121
52287;2.8806298965173614e-06;0.028806298965185224
52317;3.53694837753104e-07;0.00353694837753104
52320;0.0;0.0
52323;0.0;0.0
52352;9.095539547402778e-07;0.009095539547405952
52354;0.0;0.0
52356;1.3770810690870686e-06;0.013770810690870681
52378;2.941282716759526e-06;0.029412827167603257
52381;1.1930554193988907e-06;0.01193055419398891
52385;2.169122112897222e-06;0.02169122112898468
52390;7.633553683010417e-06;0.07633553683011966
52399;8.909508788250872e-06;0.08909508788251322
52405;2.1974178181839888e-05;0.2197417818184336
52411;2.831509810153262e-06;0.028315098101535097
52418;2.854578227567433e-06;0.028545782275674367
52427;2.5773934218336518e-06;0.025773934218336517
52435;7.709748611539583e-06;0.07709748611541839
52473;2.8162972827972766e-05;0.2816297282797518
52480;5.8229374419402086e-05;0.5822937441941485
52490;8.917621240906523e-06;0.089176212409077
52506;0.0;0.0
52520;2.1697448527863622e-05;0.21697448527865096
52540;2.8166258731808528e-05;0.2816625873181145
52560;1.2697832226082362e-06;0.01269783222608236
52565;4.56495183354695e-06;0.04564951833547988
52573;1.4908639854965279e-06;0.014908639854968752
52585;1.0172029360545549e-06;0.010172029360545546
52612;8.32846594934566e-06;0.08328465949346675
52621;5.096856005230947e-06;0.05096856005231823
52678;5.0960697388245723e-05;0.50960697388249
52683;1.3650995495689887e-06;0.013650995495689884
52685;1.6250988398985675e-06;0.016250988398985672
52687;4.367172019721082e-06;0.04367172019721752
52693;1.6887771129505188e-06;0.01688777112950519
52694;0.0;0.0
52696;2.2587401623783224e-05;0.22587401623785144
52699;2.919464187011722e-06;0.02919464187011975
52720;8.522882234222222e-07;0.00852288223422244
52786;0.00015050045611678857;1.5050045611679999
52788;2.102820349503979e-06;0.021028203495039796
52835;5.157198201894305e-05;0.5157198201894707
52838;1.0858704131809027e-06;0.010858704131809026
52885;2.0244254050280264e-06;0.02024425405028028
54001;0.0003676274875682983;3.676274875683371
54003;0.00016139973316702482;1.6139973316704936
54051;9.494154386819791e-05;0.9494154386821416
54099;0.0002672940354261576;2.6729403542618706
54109;4.530527705925e-05;0.453052770592645
54125;1.5098008159213194e-05;0.1509800815921517
54128;2.031608806344117e-05;0.20316088063442955
54172;0.00024896779792641874;2.4896779792644943
54174;6.595446020595504e-06;0.06595446020595744
54206;0.00020659273926982986;2.065927392698526
54223;3.177745264780347e-05;0.31777452647813226
54239;0.0001604876137902875;1.6048761379029675
54245;0.0004124784075013964;4.124784075014224
54250;0.0001304816586420409;1.3048165864206793
54261;0.0004493285361661673;4.493285361662106
54313;0.00013128909018087292;1.3128909018089663
54344;0.00013487023907319168;1.3487023907320972
54347;9.752016479509027e-06;0.09752016479510045
54377;7.280254439060139e-05;0.7280254439061076
54385;0.00014405960273800142;1.4405960273801464
54398;9.504796947155139e-05;0.9504796947157251
54405;0.00043318456490171946;4.331845649017605
54418;0.00010317929916164862;1.031792991616597
54480;9.311901323972917e-06;0.09311901323975269
54498;0.00019755851426060336;1.9755851426063447
54518;1.302627090404523e-05;0.13026270904045567
54520;4.3892664942417364e-05;0.43892664942426496
54553;0.0003077150267825764;3.077150267826049
54599;7.673572128549375e-05;0.7673572128550212
54660;0.00014925851548975045;1.4925851548976377
54670;2.9456888284837288e-05;0.29456888284841626
54673;0.0002999107858203521;2.9991078582038546
54680;0.0003509792951042521;3.5097929510426695
54720;0.00010315242682888643;1.03152426828901
54743;4.899926109377084e-06;0.04899926109377988
54800;0.00018048670734512612;1.804867073451457
54810;0.0003060599599559414;3.060599599559779
54820;7.974541361927245e-05;0.7974541361928557
54871;6.794351216333818e-05;0.6794351216334734
54874;0.00039416150801861705;3.941615080186549
63001;0.0003153833937913209;3.1538339379135185
63111;0.00013242676521132846;1.3242676521133676
63130;0.00036410788431862767;3.6410788431865857
63190;0.000268020827151361;2.6802082715138553
63212;0.0005608056537211777;5.608056537212087
63272;4.6753596815759666e-05;0.46753596815764187
63302;0.0004702684774908146;4.702684774908397
63401;0.00043632836233945406;4.363283623394967
63470;0.0005673896530521633;5.6738965305220646
63548;3.664335690200556e-05;0.3664335690201594
63594;0.0005299581075341845;5.299581075342226
63690;3.326988312302361e-05;0.33269883123032723
66001;0.00017873710893745933;1.7873710893747115
66045;1.5240089441626e-05;0.15240089441627744
66075;0.00016562410465017778;1.6562410465019337
66088;0.00013884314775257725;1.3884314775258844
66170;0.0001729305406512947;1.7293054065130473
66318;2.099787004065817e-05;0.2099787004066245
66383;0.000250932858215934;2.509328582159465
66400;0.0002562521804862772;2.5625218048631218
66440;0.00011889473607963034;1.1889473607964591
66456;4.142576863707767e-05;0.41425768637085525
66572;3.205026048650052e-05;0.3205026048650394
66594;1.5397538433950246e-05;0.15397538433952984
66682;5.7960052065506346e-05;0.5796005206551171
66687;0.00014103053433663226;1.4103053433664317
68001;0.0004500446944804336;4.500446944804718
68013;3.0125062403764583e-05;0.3012506240376647
68020;5.107010839618056e-06;0.05107010839618913
68051;0.00018255382128597639;1.8255382128600384
68077;0.0002673485109372965;2.6734851093732037
68079;0.0002997048819026796;2.9970488190270994
68081;0.00023295567645133353;2.3295567645135904
68092;8.809548601767431e-05;0.8809548601769182
68101;2.7155011512964193e-05;0.2715501151296802
68121;0.0001176866210131743;1.1768662101318328
68132;3.692966635368472e-05;0.36929666353687884
68147;0.0002900246616733625;2.900246616733904
68152;1.8337054148465277e-05;0.18337054148468215
68160;0.00025322370067040485;2.5322370067041384
68162;5.1043720490331946e-05;0.510437204903413
68167;0.0002272327610172408;2.2723276101726158
68169;6.511204649292292e-05;0.6511204649293242
68176;0.00027095166169275556;2.70951661692771
68179;2.3749843009719444e-05;0.23749843009721308
68190;0.000185015332473185;1.8501533247321251
68207;3.389487676932083e-05;0.33894876769328136
68209;0.0002619037859231306;2.619037859231466
68211;0.00035630311040719443;3.5630311040721967
68217;0.00011712937819072361;1.1712937819073173
68229;0.00011896054732671841;1.1896054732673749
68235;0.00017177774543424555;1.7177774543427113
68245;3.688248133528472e-05;0.36882481335287076
68250;1.5706811500216666e-05;0.15706811500218565
68255;0.00035767806162354427;3.5767806162358102
68264;2.6843664417752777e-05;0.26843664417756863
68266;0.0002672724090620236;2.672724090620345
68271;7.862838416710416e-06;0.07862838416713264
68276;0.0005014688120326136;5.014688120326571
68296;0.0002264856366175986;2.2648563661760814
68298;0.00014560322089372986;1.4560322089374287
68307;0.0004359452313693945;4.359452313694316
68318;2.3791266668650693e-05;0.23791266668658528
68320;0.0002105928849579257;2.1059288495793576
68322;0.00013537753081785278;1.3537753081786288
68324;2.8686315258794445e-05;0.28686315258797995
68327;0.00011281764004007014;1.1281764004008428
68344;0.00017241598758501944;1.7241598758503236
68368;1.8550384267736805e-05;0.1855038426774067
68370;5.22944773975257e-05;0.5229447739753064
68377;1.7209791160259028e-05;0.17209791160263446
68385;0.0001616025999179476;1.616025999179631
68397;2.2085245761247917e-05;0.2208524576125304
68406;0.0003719213934562778;3.719213934563159
68418;0.00031673088769290425;3.16730887692936
68425;1.4108802299204863e-05;0.1410880229920678
68432;4.8041835120286885e-05;0.48041835120293974
68444;0.0001710628201021611;1.7106282010218288
68464;2.9792433555706976e-05;0.29792433555711273
68468;1.0281705997140278e-05;0.10281705997144372
68498;0.00017212490734830763;1.7212490734832697
68500;0.0003782479302049055;3.7824793020492455
68502;3.656727703024861e-05;0.3656727703025656
68522;0.000150631446140316;1.5063144614032267
68524;0.0002120517693719653;2.1205176937197683
68533;0.00025164733626285;2.5164733626287656
68547;0.00042150143468969257;4.215014346897349
68549;0.0002402363630470618;2.4023636304707896
68572;0.00012022495965266896;1.2022495965267948
68573;0.00015064669006469166;1.5064669006470681
68575;0.00012334187411529174;1.2334187411531334
68615;0.00020575932008431736;2.0575932008435074
68655;0.00025518336649433556;2.55183366494369
68669;6.105324968108905e-05;0.6105324968109186
68673;4.8693834909746526e-05;0.4869383490975193
68679;0.0004522867979221768;4.522867979222149
68682;6.62975845818993e-05;0.6629758458190622
68684;8.691763287158264e-05;0.869176328715959
68686;2.7275488702712503e-05;0.27275488702715217
68689;0.0002017221818134471;2.0172218181347876
68705;3.546488270593264e-05;0.3546488270593641
68720;0.00033108179100544165;3.3108179100545656
68745;0.000298363993472023;2.983639934720484
68755;0.0004864753700039461;4.864753700039796
68770;0.00030221762283276764;3.022176228327913
68773;0.00010574959242636597;1.0574959242638733
68780;3.070258912061528e-05;0.30702589120619295
68820;4.374704436467361e-05;0.4374704436468584
68855;0.0002022666814190472;2.022666814190695
68861;2.3680313085432685e-05;0.23680313085434562
68867;5.439447224131875e-05;0.5439447224132218
68872;0.00029711133599397913;2.971113359939965
68895;0.00014399440335499425;1.4399440335501523
70001;0.0003262224907417992;3.2622249074184078
70110;9.488068738035072e-05;0.9488068738036893
70124;5.528045769568483e-05;0.5528045769569574
70204;0.00011669562398924513;1.1669562398926716
70215;0.0001007075766857041;1.0070757668572288
70221;0.000161511793064322;1.6151179306433932
70230;0.00019476183959987777;1.9476183959989335
70233;6.510298178132223e-05;0.6510298178133747
70235;4.5025892617166986e-05;0.4502589261717565
70265;9.410981037226124e-05;0.9410981037227985
70400;0.00010289208750417372;1.0289208750418708
70418;7.578493352604017e-05;0.7578493352605433
70429;3.386840962166207e-05;0.33868409621666223
70473;0.00013693014288756157;1.369301428875832
70508;0.00014665528693023758;1.466552869302587
70523;0.00011995631785888602;1.1995631785890122
70670;0.00028870176572410634;2.887017657241489
70678;5.737389634100845e-05;0.5737389634101873
70702;0.00014380123842219132;1.438012384222124
70708;0.00020478211630252808;2.0478211630255485
70713;3.0358901511961785e-05;0.3035890151196438
70717;6.542928187351676e-05;0.6542928187352813
70742;4.869852416951696e-05;0.4869852416951935
70771;3.7107450197994e-05;0.37107450197997033
70820;0.00011306778711903765;1.1306778711905343
70823;0.00011944506906928456;1.1944506906930086
73001;0.0004183736434599922;4.183736434600335
73024;0.0001827520407389861;1.827520407390026
73026;0.0005997666598836896;5.997666598837309
73030;0.000200079405737975;2.0007940573800167
73043;2.831589403342436e-05;0.28315894033427313
73055;0.0004007603210138281;4.007603210138529
73067;0.0001116809950286895;1.1168099502871045
73124;4.760456786045899e-05;0.47604567860475594
73148;0.00044470044855653;4.447004485565718
73152;3.220244532351875e-05;0.32202445323530365
73168;0.0003532196110740928;3.532196110741287
73200;0.00032985988460753403;3.2985988460756888
73217;0.0002903166242497512;2.903166242497826
73226;0.00010495990100124237;1.0495990100126245
73236;0.00015936706444292292;1.593670644429367
73268;0.0005693555854532415;5.693555854532805
73270;0.0002847931936607222;2.8479319366074862
73275;0.0002445574192168332;2.4455741921685923
73283;0.00015023969656720527;1.5023969656722331
73319;0.000444311703654043;4.4431170365407855
73347;5.875805445179167e-06;0.058758054451817615
73349;0.00034604981429604245;3.460498142960755
73352;0.00014300562745161565;1.4300562745162646
73408;0.0006669430052375649;6.669430052376075
73411;0.0004266723871013175;4.266723871013472
73443;0.00037808350625092766;3.7808350625097273
73449;0.0008451084088517824;8.45108408851831
73461;2.3741365955963194e-05;0.23741365955968574
73483;0.0002494521752813658;2.494521752813983
73504;0.0001245564714873875;1.2455647148740518
73520;0.00011808410480603126;1.1808410480605729
73547;0.0002669327727194118;2.6693277271944194
73555;7.732199452561576e-05;0.7732199452562664
73563;0.0001653112484949882;1.6531124849501213
73585;0.0003439730397859593;3.43973039785996
73616;5.451616188912859e-05;0.5451616188913613
73622;3.711153555381736e-05;0.3711153555382207
73624;0.0002206661519337801;2.2066615193380263
73671;0.0002793026096668001;2.7930260966682274
73675;0.00037405322261040657;3.740532226104351
73678;0.0003335958683134314;3.335958683134646
73686;2.2701216469700002e-05;0.22701216469706248
73770;0.00027899101566198335;2.789910156620038
73854;0.0002528244069305882;2.52824406930609
73861;0.00028769946213231856;2.8769946213235125
73870;2.8798043341576023e-05;0.28798043341584334
73873;9.828730932008473e-05;0.9828730932009666
76001;0.0002715859617727697;2.7158596177279395
76020;0.00014965511397142662;1.4965511397144846
76036;6.483186235044613e-05;0.6483186235045457
76041;0.00011148732755096541;1.1148732755098403
76054;0.00015349623538055905;1.5349623538057517
76100;0.00011644451528793027;1.1644451528794626
76109;3.4112529030504043e-05;0.34112529030506605
76111;0.0001899263988732165;1.8992639887324385
76113;0.00015264235887634133;1.5264235887636306
76122;0.00012831964509873442;1.2831964509875413
76126;0.000124446698229817;1.2444669822982555
76130;0.0001496265653614329;1.496265653614537
76147;0.00018865079674908203;1.8865079674910379
76233;0.00016883590002466994;1.6883590002469233
76243;5.1470994729224846e-05;0.514709947292352
76246;3.0838026303403064e-05;0.30838026303410915
76248;0.00010232287309230093;1.023228730923153
76250;1.6640194432750695e-05;0.1664019443275668
76275;0.00023252547016597755;2.3252547016599725
76306;0.0001291975940726787;1.2919759407270168
76318;0.00014343464627772652;1.434346462777462
76364;8.305248761988176e-05;0.8305248761989258
76377;8.438559049607716e-06;0.08438559049608194
76400;0.0002735137976184633;2.7351379761849643
76403;4.6605742826442527e-05;0.4660574282645219
76497;7.223081500196906e-05;0.7223081500197835
76520;0.0001735324106473541;1.735324106473771
76563;0.00013256434023433436;1.3256434023435282
76606;6.22186018907914e-05;0.6221860189080367
76616;0.00027149058565697815;2.7149058565699877
76622;0.0001688395315389201;1.6883953153893538
76670;0.00013560383010380444;1.356038301038222
76736;9.623874755921133e-05;0.9623874755922137
76823;0.00010116157884029956;1.0116157884031156
76828;0.00010435027511096122;1.0435027511097852
76834;0.00014250653635597036;1.4250653635598998
76845;0.00010049212207173958;1.0049212207174605
76863;8.885703895856735e-05;0.8885703895858069
76869;0.00012974746899267276;1.2974746899268246
76890;0.00027387572237520704;2.7387572237522253
76892;0.00016117889290883302;1.6117889290885095
76895;0.00012415362439741092;1.2415362439742814
81001;0.000420263297730197;4.2026329773023665
81065;0.0002450920723841933;2.450920723842259
81220;0.0004488949421961854;4.488949421962038
81300;0.001786494920764878;17.864949207649154
81591;0.00018138433319186945;1.8138433319188236
81736;0.00040780719206696026;4.078071920670022
81794;0.00024155781970005617;2.415578197000879
85001;0.0005429972273915287;5.4299722739157446
85010;0.0008202927837934369;8.202927837934823
85015;6.095341102581459e-05;0.609534110258194
85125;0.00013321937926291292;1.332193792629282
85136;4.666965352448611e-06;0.04666965352449223
85139;0.0004130975361188715;4.130975361188939
85162;0.00037820786423547895;3.7820786423551476
85225;0.00025464700875858407;2.546470087586182
85230;0.00010534324115834392;1.053432411583605
85250;0.0003216596263627083;3.216596263627394
85263;0.00036559403868033575;3.655940386803671
85279;7.466312327851806e-05;0.7466312327852332
85300;0.00031009925800907503;3.100992580090977
85315;6.051840725770417e-05;0.6051840725770902
85325;0.0002749538541781986;2.749538541782307
85400;6.82049988523375e-05;0.6820499885235561
85410;0.000517839308416809;5.178393084168448
85430;0.0003003588031224613;3.0035880312248553
85440;0.00022663274934279286;2.266327493428138
86001;0.00023191670212836213;2.3191670212839135
86219;6.030701754384722e-06;0.06030701754385966
86320;0.0003289169526113964;3.2891695261142155
86568;0.0002701000551740811;2.7010005517410987
86569;0.00023346154097033002;2.3346154097036327
86571;0.0003607817551545126;3.607817551545425
86573;0.00018246821195353478;1.824682119535544
86749;1.4446111417674637e-06;0.014446111417674637
86755;2.311206530001389e-06;0.02311206530002153
86757;0.00026724232743012316;2.672423274301567
86760;9.16274501179861e-07;0.009162745011801615
86865;0.0004472538060063004;4.472538060063328
86885;0.000396146301139633;3.9614630113967015
88001;7.739906198188693e-05;0.773990619818964
88564;3.9478804104864586e-05;0.3947880410487073
91001;0.00032519253107224225;3.2519253107226413
91263;7.078895225061805e-06;0.07078895225062783
91405;4.9939607899319445e-06;0.049939607899330135
91407;0.00017318181333811735;1.7318181333812126
91430;2.0142851532034722e-05;0.2014285153203499
91460;0.0;0.0
91530;0.0;0.0
91536;1.6406151095979863e-05;0.16406151095980462
91540;8.581582579651388e-06;0.08581582579652557
91669;2.362668763646597e-05;0.23626687636466415
91798;2.342139778901389e-06;0.023421397789020047
94001;0.000391340249521423;3.913402495214428
94343;0.00015178164651711665;1.5178164651712827
94883;9.492831915277013e-05;0.9492831915277298
94884;6.0816946366822915e-05;0.6081694636682449
94885;8.199676409552847e-05;0.8199676409552954
94886;2.660706683695139e-05;0.26607066836951887
94887;7.028789923526389e-06;0.07028789923526767
94888;0.0;0.0
95001;0.000585652028853184;5.856520288532273
95015;0.0002528627068664014;2.5286270686642656
95025;0.0005953372059919167;5.953372059919493
95200;2.8226751032612498e-05;0.28226751032620384
97001;7.545345801054015e-05;0.7545345801054728
97161;2.3485273470034723e-05;0.23485273470036017
97511;2.0735874722138888e-06;0.02073587472213928
97666;3.3891871373569443e-06;0.03389187137356976
97777;0.0;0.0
97889;1.1171748032054168e-05;0.11171748032054991
99001;0.00036778119875263416;3.677811987526594
99524;0.0002512306302397823;2.512306302398
99624;0.0003818934836806965;3.8189348368071396
99773;9.654512920799729e-05;0.9654512920800935
