Municipality code;Densidad2007;Densidad2008;Densidad2009;Densidad2010;Densidad2011;Densidad2012;Densidad2013;Densidad2014;Densidad2015;Densidad2016;Densidad2017;Densidad2018;Densidad2019
11001;3868.4;3908.2;3945.6;3980.7;4010.9;4035.1;4054.8;4071.4;4086.7;4107.3;4131.5;4176.1;4277.7
5001;1288.0;1301.2;1313.5;1325.9;1340.8;1357.8;1368.4;1372.4;1370.0;1363.7;1360.3;1367.4;1399.2
76001;1194.3;1197.8;1201.7;1207.3;1217.8;1232.6;1239.9;1242.7;1244.0;1244.0;1243.3;1255.0;1262.8
8001;657.0;664.2;671.1;677.8;683.8;689.0;692.8;693.6;689.7;681.8;673.7;679.6;700.3
13001;507.7;512.1;516.2;519.1;518.6;514.5;512.8;513.9;517.0;523.5;533.3;548.2;565.5
54001;352.1;356.4;360.5;364.1;366.7;368.0;369.7;371.5;373.8;378.5;385.3;401.0;422.1
68001;306.7;309.1;311.2;313.2;315.6;318.3;320.1;321.1;321.8;322.6;323.6;327.4;335.6
73001;284.5;283.8;283.3;283.1;283.6;284.9;285.8;287.0;288.8;291.8;295.3;298.4;302.0
8758;269.3;272.3;275.2;278.0;280.7;283.4;286.4;290.2;296.2;307.1;321.8;340.3;359.5
66001;259.3;260.8;262.2;263.6;265.7;268.1;269.1;268.8;267.6;265.8;264.0;263.3;266.1
47001;242.5;245.3;248.1;250.7;253.2;255.5;257.8;260.1;262.6;266.3;271.6;281.2;293.7
25754;239.5;244.9;251.0;259.0;273.0;293.8;309.4;320.8;331.8;343.9;357.4;371.9;399.6
50001;234.6;241.5;248.3;255.2;261.7;267.7;273.6;279.2;284.3;288.9;293.8;299.3;303.6
23001;229.7;232.5;236.8;241.1;245.2;248.9;252.8;256.9;261.3;265.8;270.0;276.6;281.0
52001;220.4;221.3;222.1;222.9;224.5;226.4;226.2;224.9;223.3;221.8;220.8;221.4;221.3
17001;220.2;221.3;222.5;224.2;227.1;231.4;234.4;236.5;238.1;239.6;241.3;244.7;248.2
5088;216.8;219.1;221.4;224.0;228.2;234.9;240.6;246.7;256.9;271.2;284.3;294.2;303.4
20001;210.2;214.3;218.7;223.3;227.9;232.6;237.8;243.3;249.0;255.9;264.2;276.1;289.4
76109;186.2;187.4;188.8;189.3;183.1;169.6;165.4;166.8;168.7;170.2;171.2;173.6;174.8
41001;184.5;186.3;188.0;189.8;191.2;192.3;193.6;195.2;196.8;198.3;199.8;201.3;203.4
76520;168.3;172.0;175.2;178.0;181.0;184.2;186.3;188.0;189.8;191.8;193.5;196.8;198.3
63001;163.0;163.4;163.6;164.0;164.8;165.8;166.3;166.4;166.7;167.0;166.9;166.3;169.1
68276;151.6;152.8;153.9;155.0;156.4;157.9;159.0;159.8;160.5;161.2;162.1;164.5;169.4
19001;150.7;152.1;153.7;155.3;157.0;158.3;159.7;161.9;164.8;168.4;173.0;179.2;181.4
70001;140.5;141.5;142.6;143.6;144.6;145.3;146.1;146.9;147.9;149.7;152.3;156.5;161.5
5360;138.3;140.0;141.6;143.2;145.0;147.2;149.0;150.3;151.2;152.1;153.4;155.9;159.9
68081;112.4;113.3;114.1;114.8;115.6;116.3;116.4;115.9;115.1;114.6;114.1;114.7;116.9
66170;106.8;107.8;108.7;109.6;110.4;111.3;112.3;113.9;116.8;119.7;121.5;122.4;124.4
76834;105.8;106.5;107.4;108.3;109.6;111.2;112.3;113.2;114.2;115.4;116.9;119.8;121.7
5266;103.2;104.5;105.7;106.9;108.4;110.1;111.7;113.5;116.1;120.1;124.6;128.9;133.0
52835;93.3;94.1;94.8;95.5;96.8;99.0;102.1;108.3;119.2;131.1;138.9;142.9;144.1
15001;89.6;89.9;90.2;90.6;91.4;92.7;93.6;94.2;94.8;95.5;96.5;97.2;99.4
68307;81.5;82.3;82.9;83.6;84.4;85.2;85.9;86.4;86.9;87.5;88.5;90.4;94.0
44001;78.8;80.3;82.3;84.5;86.8;88.2;89.7;91.8;94.3;97.3;100.9;105.9;110.3
18001;76.0;77.4;78.6;80.1;82.2;85.0;87.1;88.5;89.8;91.3;93.1;94.8;96.2
76147;71.1;71.6;72.0;72.5;73.3;74.2;74.8;75.0;75.2;75.3;75.5;76.5;77.0
68547;69.9;70.5;71.0;71.6;72.2;73.0;74.0;75.6;79.0;85.0;91.3;96.1;100.0
13430;68.7;69.5;70.3;71.1;72.5;74.4;75.4;75.5;75.0;74.5;74.2;75.1;77.2
27001;67.5;69.0;70.3;71.5;72.1;71.6;71.4;71.8;72.0;72.2;72.6;72.8;73.3
5837;67.4;67.8;68.3;68.8;69.0;68.5;68.4;68.8;69.0;69.1;69.2;70.2;71.9
15759;67.2;67.3;67.4;67.7;68.5;69.7;70.4;70.7;70.8;71.0;71.4;71.7;72.9
76111;66.3;66.9;67.4;67.9;68.6;69.5;70.0;70.3;70.6;70.8;71.0;71.9;72.3
85001;65.0;67.0;68.9;71.0;73.2;75.6;78.0;80.6;83.7;87.5;91.5;94.9;97.8
23417;64.3;65.1;65.8;66.6;67.3;67.9;68.4;68.5;67.8;66.2;64.6;64.2;64.6
5045;63.8;63.0;63.1;63.6;64.4;65.3;66.0;66.5;66.8;66.9;67.2;68.2;70.2
15238;63.6;63.9;64.2;64.5;65.2;66.3;67.0;67.4;67.7;68.1;68.6;69.0;70.3
25290;63.2;64.0;64.9;65.9;66.9;67.5;68.4;69.8;71.5;73.5;75.6;78.0;82.6
25269;63.0;63.8;64.8;65.8;66.8;67.4;68.4;69.9;71.7;73.7;76.0;78.6;83.4
52356;62.7;63.0;63.3;63.7;64.4;65.3;65.7;65.6;65.4;65.2;65.2;65.4;65.3
41551;60.5;61.0;61.5;61.9;62.3;62.6;63.0;63.7;64.9;66.6;68.5;70.1;71.4
44847;59.6;61.6;63.9;66.4;69.0;71.5;74.3;77.3;80.6;84.3;88.2;92.1;100.2
47189;59.6;60.3;61.0;61.7;62.3;62.9;63.4;63.9;64.5;65.2;66.0;67.6;68.9
5615;58.9;59.6;60.4;61.2;62.2;63.4;64.7;66.2;68.1;70.6;73.3;76.3;78.6
25175;58.7;59.8;61.0;62.3;63.4;64.3;65.3;66.8;68.4;70.2;72.2;74.5;79.6
8433;58.6;59.2;59.9;60.5;61.1;61.8;62.4;63.3;64.6;66.7;69.1;72.2;75.8
25899;57.3;57.4;57.8;58.5;60.1;63.2;65.4;66.8;68.2;69.7;71.4;73.5;78.1
44430;57.1;59.4;61.5;63.9;68.5;75.6;80.3;83.0;85.4;88.3;91.6;96.1;100.8
25307;56.4;57.0;57.4;57.7;57.6;57.2;56.6;56.1;55.8;55.8;56.1;56.9;59.4
76364;54.3;54.7;55.2;55.7;56.5;57.6;59.3;62.6;68.9;77.4;84.8;90.1;92.5
54498;53.9;54.6;55.3;56.0;56.5;57.0;57.9;59.4;61.1;62.6;63.9;66.6;70.2
76892;52.4;52.7;53.0;53.3;53.9;54.6;55.1;55.6;56.4;57.6;58.9;60.5;61.3
23660;51.7;52.3;53.0;53.7;54.3;54.9;55.6;56.4;57.5;58.7;59.7;60.6;61.4
23162;50.3;51.0;51.6;52.4;53.4;54.6;55.7;56.5;57.2;58.0;58.7;59.6;60.4
20011;48.7;49.6;50.7;51.7;52.7;53.7;54.7;55.6;56.5;57.7;59.3;61.8;64.5
5154;47.9;48.2;48.6;49.1;49.7;50.4;50.9;51.3;51.4;51.2;50.9;50.8;52.4
19698;47.5;48.5;49.4;50.3;51.3;52.2;53.3;54.8;56.8;58.9;60.6;62.2;63.0
23807;46.9;47.6;48.2;48.8;49.3;49.8;50.2;50.6;50.8;51.0;51.3;52.0;52.9
8638;46.5;46.7;47.1;47.5;48.0;48.5;48.9;49.3;49.7;50.3;51.1;52.5;54.7
23670;45.6;24.3;24.8;25.3;26.2;27.9;28.7;28.7;28.9;29.2;29.5;27.4;27.2
73268;42.7;42.4;42.0;41.5;41.1;40.8;40.5;40.2;39.9;39.8;39.7;39.7;39.9
63130;42.6;42.6;42.6;42.6;42.4;41.9;41.6;41.4;41.4;41.4;41.2;41.0;41.6
54874;42.4;43.0;43.6;44.5;46.6;50.4;52.6;53.3;53.7;54.4;55.3;57.4;60.4
23466;41.6;37.6;38.1;38.6;39.1;39.6;40.2;40.9;41.9;43.4;45.1;46.0;47.3
66682;41.1;41.5;41.8;42.2;43.0;44.1;44.7;44.8;44.6;44.3;44.0;43.9;44.3
54405;40.9;41.5;42.1;42.6;43.0;43.3;43.7;44.2;45.2;46.5;47.9;50.2;52.8
76130;40.4;41.1;41.7;42.3;42.9;43.4;43.9;44.7;45.9;47.5;49.5;51.7;52.5
17380;40.2;39.7;39.3;39.0;38.9;38.9;38.8;39.0;39.2;39.6;40.0;40.5;41.1
5129;39.7;40.1;40.5;41.0;41.5;42.1;42.6;42.9;43.2;43.6;44.0;44.9;46.0
41298;38.5;38.5;38.7;39.0;39.4;39.8;40.1;40.3;40.5;40.6;40.6;40.8;41.3
25473;38.3;39.1;40.1;41.7;46.2;55.3;61.2;63.9;66.1;68.3;70.7;73.4;79.5
13244;37.4;37.8;38.2;38.6;39.1;39.6;39.9;39.9;39.7;39.5;39.3;39.5;40.2
25430;37.2;38.0;38.8;39.7;40.6;41.3;42.5;44.9;49.1;54.8;59.7;63.2;67.6
23555;36.9;37.3;37.8;38.3;38.7;39.1;39.3;39.1;38.3;37.1;36.2;36.2;36.3
25286;36.4;37.2;38.1;39.2;40.9;43.1;44.9;46.4;47.8;49.3;50.8;52.5;56.0
13836;36.4;37.0;37.8;39.0;40.8;43.4;46.2;49.2;52.1;54.7;56.9;59.2;61.9
44560;36.1;37.4;38.7;39.3;37.0;33.0;32.8;34.1;36.0;38.9;42.7;46.8;50.1
5212;35.8;36.2;36.6;37.1;38.2;40.3;41.6;42.1;42.4;42.7;43.0;43.9;45.1
47980;35.0;35.7;36.1;36.5;36.9;37.2;37.5;37.6;37.8;38.0;38.0;38.7;40.3
13052;34.3;34.7;35.2;35.7;36.2;36.9;37.3;37.6;37.9;38.2;38.5;39.2;40.5
81001;34.3;34.7;35.2;35.8;36.5;37.3;38.2;39.2;40.3;41.9;44.3;48.2;51.8
70215;34.1;34.4;34.7;35.0;35.2;35.4;35.7;35.9;36.2;36.6;37.1;38.0;39.0
50006;33.7;34.7;35.8;36.9;38.0;39.1;40.2;41.5;43.2;45.2;47.5;49.6;50.8
47288;33.0;33.4;33.8;34.1;34.2;34.0;34.1;34.4;34.9;35.6;36.3;37.4;38.7
47245;32.5;33.0;33.4;33.8;34.1;34.4;34.7;35.0;35.2;35.6;36.0;36.9;38.2
15176;31.9;31.8;31.7;31.6;31.5;31.5;31.4;31.4;31.4;31.4;31.5;31.6;32.2
41396;31.5;31.8;32.1;32.4;32.9;33.5;33.9;34.2;34.3;34.3;34.2;34.4;34.8
76275;31.3;31.5;31.7;32.0;32.3;32.6;32.8;32.8;32.6;32.3;32.1;32.3;32.5
23189;31.1;31.4;31.7;32.0;32.3;32.5;32.6;32.7;32.9;33.0;33.1;33.3;33.7
47555;30.6;31.2;31.7;32.0;32.4;32.7;32.9;33.2;33.4;33.7;34.0;34.8;35.5
88001;30.6;30.7;30.9;31.0;31.0;30.8;30.7;30.8;30.9;31.1;31.3;31.1;31.8
5380;30.4;30.4;30.1;29.5;28.6;27.8;27.3;28.5;32.4;36.8;39.1;40.3;41.5
50313;30.1;30.9;31.8;32.8;33.7;34.5;35.3;36.1;36.8;37.4;38.1;38.8;39.3
54518;30.0;29.5;29.1;28.7;28.3;27.9;27.6;27.4;27.3;27.3;27.4;28.2;29.4
5172;30.0;29.8;29.9;30.2;30.5;31.0;31.3;31.5;31.7;31.7;31.9;32.3;33.1
70708;29.9;30.1;30.3;30.5;30.7;30.8;31.0;31.2;31.4;31.6;31.9;32.5;33.4
8078;29.9;30.3;30.8;31.2;31.6;32.0;32.3;32.7;33.0;33.5;34.1;35.1;36.6
20013;29.8;30.2;30.7;31.3;31.9;32.5;33.1;33.6;33.8;33.8;33.7;34.2;35.4
17174;29.6;29.4;29.3;29.2;29.1;29.1;29.1;29.1;29.1;29.0;28.8;28.9;29.2
52678;29.5;29.8;30.0;30.0;29.0;27.0;26.1;25.3;23.6;20.7;18.0;16.6;16.0
86568;29.3;30.2;31.0;31.8;32.4;33.0;33.4;33.8;34.3;34.8;35.6;36.5;37.2
76248;29.1;29.1;29.3;29.5;29.8;30.2;30.4;30.6;30.8;31.1;31.3;31.8;32.0
5440;29.0;29.7;30.2;30.6;31.1;31.7;32.2;32.9;33.6;34.5;35.3;36.4;37.4
5376;27.6;27.9;28.3;28.6;29.0;29.4;29.9;30.5;31.5;33.2;35.0;36.6;37.6
76563;27.6;27.6;27.6;27.4;27.3;27.2;27.1;26.9;26.7;26.6;26.6;26.8;27.0
70713;27.4;27.6;27.9;28.1;28.4;28.6;28.7;28.8;28.8;28.6;28.1;28.0;28.4
73168;27.0;27.1;27.3;27.4;27.5;27.7;27.8;27.9;28.0;28.2;28.2;28.4;28.5
15572;26.8;26.6;26.5;26.4;26.4;26.4;26.3;26.3;26.3;26.3;26.3;26.3;26.8
5631;26.7;27.1;27.4;27.7;28.1;28.6;29.2;30.5;33.4;38.4;43.3;46.4;48.2
17873;26.7;26.8;26.9;27.0;27.2;27.4;27.8;28.6;30.3;32.8;35.0;36.4;37.3
25126;26.7;27.1;27.6;28.2;28.7;29.3;30.4;32.4;35.8;40.1;43.6;46.3;49.5
23182;26.5;26.9;27.2;27.4;27.5;27.5;27.3;27.2;27.0;26.9;26.9;27.0;27.2
23068;26.0;26.4;26.8;27.1;27.4;27.7;27.9;28.0;27.7;27.1;26.5;26.5;26.5
68679;25.8;26.0;26.2;26.4;26.7;27.3;28.2;29.4;30.3;30.7;31.0;31.6;32.7
13442;25.7;26.1;26.4;26.8;27.2;27.8;28.0;27.8;27.3;26.6;26.0;26.0;26.7
23686;25.3;26.0;26.4;26.8;27.2;27.5;27.8;28.2;28.5;28.8;29.1;29.2;29.6
19573;25.2;25.3;25.5;25.7;25.9;25.9;25.7;25.1;24.1;23.4;23.2;23.4;23.5
19100;24.9;25.3;25.8;26.2;26.6;26.9;27.2;27.1;26.3;24.6;22.6;21.4;21.0
5308;24.9;25.1;25.4;25.7;26.0;26.4;26.7;26.9;27.2;27.6;28.1;29.1;30.0
5079;24.8;25.1;25.4;25.7;26.0;26.4;26.7;26.9;27.2;27.6;28.2;29.3;30.0
19256;24.6;25.6;26.2;26.7;27.1;27.4;27.8;28.2;28.7;29.3;29.8;30.4;30.3
5147;24.4;24.7;24.9;25.2;25.5;25.9;26.2;26.4;26.5;26.5;26.6;27.0;28.0
52838;24.4;24.7;24.9;25.1;25.4;25.7;25.7;25.7;25.5;25.2;25.1;25.2;25.2
86320;24.3;25.0;25.7;26.2;26.5;26.3;25.2;23.5;21.9;21.0;20.9;21.3;21.5
5148;24.3;24.8;25.4;26.0;26.7;27.5;28.2;29.0;29.9;31.0;32.2;33.5;34.4
86001;24.3;25.2;25.9;26.6;27.2;27.7;28.2;28.6;29.1;29.9;30.7;31.8;32.5
76736;24.1;24.3;24.4;24.6;24.9;25.1;25.3;25.3;25.2;24.8;24.1;23.7;23.4
73411;23.8;23.7;23.6;23.6;23.6;23.6;23.5;23.2;22.7;21.9;21.2;20.7;20.5
5490;23.5;23.3;23.3;23.5;23.5;23.3;23.3;23.4;23.5;23.5;23.5;23.8;24.4
13468;23.4;23.7;24.0;24.2;24.5;24.8;25.0;25.1;25.1;25.1;24.9;25.0;25.6
5318;23.4;23.7;24.0;24.4;24.8;25.2;25.6;26.0;26.6;27.6;29.1;31.1;32.0
5034;23.2;23.4;23.6;23.8;23.8;23.7;23.7;23.8;23.9;24.0;24.0;24.4;24.6
63470;23.1;23.2;23.2;23.2;23.1;22.9;22.7;22.4;22.0;21.4;21.0;20.7;20.9
5250;22.5;22.9;23.4;23.8;24.3;24.9;25.5;26.1;26.9;27.8;28.4;29.2;29.8
70670;22.2;22.5;22.7;23.0;23.2;23.4;23.7;24.1;24.6;25.1;25.6;26.2;26.9
5756;21.6;21.9;22.1;22.2;21.8;20.7;20.3;20.3;20.3;20.2;20.2;20.5;20.5
17614;21.4;21.6;21.7;21.9;22.1;22.3;22.6;23.2;24.3;25.8;27.3;28.6;28.9
76895;21.3;21.3;21.3;21.5;21.9;22.4;22.7;22.9;23.1;23.2;23.3;23.6;23.8
5887;21.2;21.9;22.3;22.6;22.7;22.7;22.7;22.9;22.9;23.0;23.1;23.4;23.7
47551;20.8;21.1;21.3;21.5;21.7;21.8;21.9;21.9;21.7;21.4;21.0;21.0;21.5
23855;20.6;21.0;21.2;21.5;21.7;21.8;21.7;21.4;20.9;20.4;20.1;20.1;20.3
47053;20.6;20.8;21.1;21.3;21.5;21.7;21.8;22.0;22.1;22.2;22.2;22.5;22.9
19517;20.5;21.2;21.7;22.2;22.6;22.9;23.3;23.7;24.2;24.8;25.3;25.8;26.1
5579;20.4;20.3;20.5;20.6;20.9;21.2;21.4;21.6;21.7;21.7;21.8;22.1;22.6
76233;20.3;20.7;21.1;21.4;21.8;22.1;22.5;23.1;24.1;25.2;26.3;27.3;27.5
19130;20.0;20.4;20.7;21.1;21.5;22.0;22.4;22.7;23.0;23.2;23.4;23.7;23.9
17042;19.9;20.0;20.0;20.0;19.8;19.4;19.2;19.3;19.5;19.8;20.0;20.4;20.5
63594;19.7;19.7;19.7;19.7;19.6;19.5;19.3;19.1;18.8;18.3;17.7;17.3;17.4
76622;19.7;19.9;20.2;20.5;20.8;21.2;21.4;21.5;21.4;21.2;20.8;20.7;20.7
19548;19.6;19.7;19.9;20.2;20.5;20.8;21.0;21.3;21.7;22.2;22.6;23.0;23.3
73504;19.5;19.8;19.8;19.9;19.8;19.6;19.5;19.5;19.5;19.5;19.4;19.5;19.4
73319;19.5;19.5;19.5;19.4;19.4;19.4;19.4;19.3;19.1;18.8;18.6;18.6;18.5
25843;19.4;19.7;20.1;20.4;20.8;21.0;21.4;21.8;22.3;22.8;23.3;24.0;25.2
5736;19.4;19.5;19.7;19.9;20.2;20.4;20.7;20.8;20.9;21.0;21.1;21.4;21.8
23580;19.3;19.3;19.4;19.5;19.6;19.8;20.0;20.4;21.1;22.1;22.9;23.6;24.1
63401;19.3;19.3;19.3;19.3;19.2;19.1;19.0;18.9;18.9;19.0;18.9;18.8;19.3
23570;18.9;19.0;19.1;19.1;19.1;19.2;19.3;19.4;19.6;19.8;19.9;20.1;20.3
5847;18.9;19.1;19.3;19.3;18.7;17.2;16.6;16.6;16.7;16.7;16.7;17.0;17.2
19397;18.8;19.1;19.3;19.5;19.7;19.7;19.1;17.9;16.2;14.8;14.1;13.8;13.8
13657;18.8;19.1;19.3;19.5;19.8;20.1;20.3;20.4;20.5;20.6;20.6;20.8;21.3
23675;18.8;19.1;19.3;19.5;19.7;19.8;20.0;20.2;20.4;20.6;20.7;20.8;20.9
54810;18.8;19.3;19.8;20.3;20.7;21.2;21.7;22.6;24.1;26.2;28.1;30.2;31.8
8296;18.8;19.0;19.2;19.4;19.7;20.0;20.6;21.9;24.5;28.3;31.7;34.2;36.2
73449;18.7;18.7;18.7;18.6;18.7;18.7;18.8;18.9;19.1;19.5;20.1;20.6;21.0
44279;18.7;20.0;20.8;21.5;22.1;22.4;22.7;23.1;23.5;23.9;23.9;24.1;24.6
68689;18.7;19.1;19.3;19.3;19.2;18.7;18.5;18.5;18.5;18.5;18.5;18.7;18.8
73443;18.6;18.6;18.6;18.7;19.2;20.2;20.8;20.9;21.0;21.0;21.1;21.3;21.5
19455;18.5;18.7;18.9;18.9;18.3;16.9;16.5;16.6;16.8;17.1;17.4;17.7;17.9
25320;18.5;18.8;19.0;19.1;18.5;17.0;16.4;16.5;16.6;16.8;16.9;17.2;18.0
68406;18.5;18.7;19.0;19.3;19.6;20.1;20.6;21.1;21.7;22.4;22.9;23.6;24.3
68190;18.5;18.5;18.6;18.7;18.8;18.9;18.9;18.9;18.7;18.6;18.5;18.6;19.0
54003;18.4;18.5;18.7;18.9;19.0;19.2;19.2;19.1;18.7;18.1;17.7;17.9;18.6
91001;18.4;19.0;19.6;20.2;20.9;21.6;22.3;23.1;24.0;25.0;26.0;27.1;27.6
70429;18.4;18.5;18.7;18.9;19.1;19.3;19.5;19.7;19.9;20.1;20.2;20.6;21.2
68575;18.4;18.5;18.6;18.6;18.5;18.1;18.0;18.0;18.0;18.1;18.2;18.5;18.9
20175;18.3;18.6;18.8;19.0;19.2;19.3;19.5;19.5;19.4;19.2;19.0;19.3;19.9
66400;18.3;18.4;18.5;18.6;18.6;18.6;18.4;18.0;17.4;16.7;16.1;15.7;15.7
25740;18.2;18.5;18.8;19.2;19.5;19.7;20.0;20.1;19.9;19.4;18.9;18.9;19.8
81736;18.2;18.8;19.4;20.2;21.0;22.0;23.0;24.1;25.3;26.8;28.7;31.3;33.6
18753;18.1;18.0;18.2;18.5;18.8;19.1;19.7;20.9;23.2;25.8;27.6;28.6;29.1
41132;18.1;18.2;18.3;18.4;18.5;18.5;18.6;18.5;18.4;18.0;17.6;17.5;17.6
20060;18.0;18.3;18.7;19.1;19.5;19.7;19.9;20.1;20.5;21.0;21.6;22.5;23.6
76400;18.0;18.1;18.2;18.4;18.6;18.8;18.9;19.0;18.9;18.8;18.9;19.1;19.3
19137;17.9;18.2;18.6;18.9;19.3;19.8;20.2;20.6;21.1;21.6;22.1;22.5;23.0
19743;17.9;18.2;18.5;18.8;19.1;19.3;19.6;19.8;20.1;20.4;20.7;21.0;21.2
95001;17.9;18.2;18.7;19.3;20.3;21.4;22.2;23.3;24.6;26.1;27.9;29.8;30.6
41668;17.8;18.0;18.2;18.3;18.4;18.5;18.5;18.6;18.6;18.6;18.5;18.6;18.8
5790;17.8;18.0;18.1;18.1;17.2;15.4;14.7;14.6;14.7;14.8;14.9;15.2;15.5
52079;17.6;17.8;17.9;18.1;18.4;19.1;20.1;22.2;25.5;28.7;30.5;31.3;31.7
50573;17.6;18.2;18.8;19.4;20.0;20.4;20.6;20.2;19.3;18.2;17.4;17.1;17.1
47058;17.4;17.4;17.5;17.6;17.6;17.7;17.8;17.8;17.6;17.2;16.9;17.0;17.5
5686;17.4;17.6;17.8;18.1;18.4;18.8;19.1;19.4;19.6;19.8;20.0;20.5;20.9
52399;17.3;17.6;17.8;18.0;18.2;18.3;18.3;18.1;18.0;17.9;17.8;17.9;17.9
70742;17.3;17.4;17.5;17.6;17.8;17.9;17.9;17.9;17.8;17.5;17.3;17.3;17.7
5051;17.3;17.4;17.6;17.7;17.3;16.5;16.2;16.2;16.2;16.3;16.3;16.5;16.9
73283;17.2;17.2;17.2;17.3;17.3;17.4;17.4;17.5;17.5;17.5;17.5;17.5;17.5
76122;17.2;17.3;17.5;17.6;17.8;17.9;18.0;17.8;17.4;16.9;16.4;16.2;16.1
85010;17.1;17.4;17.7;18.0;18.3;18.7;19.0;19.4;19.7;20.0;20.4;20.8;21.1
27025;17.0;17.4;17.8;18.1;18.1;17.5;16.9;16.2;15.5;15.3;15.4;15.5;15.8
66594;17.0;16.9;16.9;16.9;16.7;16.3;16.1;16.0;16.0;15.8;15.5;15.4;15.3
68755;17.0;17.1;17.2;17.3;17.5;17.6;17.7;17.8;17.8;17.9;17.9;18.1;18.6
70820;16.9;17.1;17.2;17.4;17.5;17.7;17.8;17.9;18.0;18.1;18.3;18.5;18.9
76318;16.8;16.9;17.0;17.1;17.4;17.6;17.7;17.8;18.0;18.2;18.4;18.7;18.8
5697;16.8;17.2;17.4;17.7;17.9;18.2;18.5;18.7;18.9;19.2;19.5;20.0;20.3
20228;16.7;17.1;17.4;17.8;18.1;18.4;18.8;19.1;19.5;19.8;20.3;21.1;21.8
19807;16.5;16.7;17.0;17.3;17.6;17.9;18.2;18.5;18.9;19.2;19.6;20.0;20.2
19318;16.4;16.6;16.8;16.9;16.5;15.6;15.3;15.3;15.5;15.5;15.5;15.6;15.6
27615;16.3;16.8;17.4;18.2;20.0;24.0;26.6;27.7;28.2;28.8;29.5;30.1;30.7
5101;16.3;16.5;16.7;16.9;17.1;17.3;17.3;17.1;16.5;15.5;14.9;14.7;14.7
8573;16.1;16.3;16.5;16.7;17.0;17.3;18.0;19.4;21.8;24.4;26.3;27.8;29.1
17486;16.1;16.1;16.1;16.1;15.6;14.6;14.1;13.6;12.8;12.2;11.9;11.8;11.9
15516;16.0;16.0;16.0;16.0;15.9;16.0;16.1;16.5;17.3;18.0;18.6;18.9;19.3
63190;16.0;16.0;16.0;16.0;16.0;15.9;15.8;15.8;15.8;15.8;15.9;15.9;16.1
5665;16.0;16.1;16.2;16.4;16.6;16.8;16.9;17.1;17.1;17.2;17.2;17.4;17.8
73275;16.0;15.9;15.9;15.9;15.9;16.0;16.0;16.0;16.0;16.0;16.0;16.0;16.1
5120;15.9;16.1;16.2;16.3;16.3;16.0;16.0;16.0;16.1;16.1;16.1;16.3;16.7
25386;15.9;16.2;16.4;16.6;16.5;16.0;15.9;16.1;16.6;17.2;17.8;18.4;19.4
86865;15.9;15.8;16.1;16.5;16.8;17.1;17.3;17.4;17.6;17.9;18.3;18.8;19.2
52490;15.9;16.0;16.1;16.0;15.7;15.4;15.3;15.2;14.8;14.5;14.3;14.3;14.2
23672;15.9;16.0;16.2;16.4;16.5;16.6;16.6;16.8;17.2;17.8;18.5;19.1;19.4
5030;15.8;16.0;16.1;16.2;16.2;16.0;15.9;16.0;16.2;16.3;16.6;17.0;17.3
73585;15.7;15.7;15.6;15.5;15.2;14.5;14.1;14.0;13.8;13.6;13.3;13.3;13.3
73217;15.7;15.7;15.6;15.6;15.5;15.4;15.2;15.0;14.5;13.8;13.1;12.9;12.7
44650;15.7;16.2;16.7;17.4;18.8;21.2;22.7;23.5;24.1;24.9;25.6;26.5;27.3
41006;15.6;15.7;15.8;15.9;15.9;15.8;15.5;15.2;14.8;14.4;14.0;14.0;14.1
19355;15.6;15.8;16.1;16.3;16.5;16.6;16.6;16.4;16.3;16.1;16.2;16.3;16.4
19821;15.4;15.7;16.0;16.3;16.6;17.0;17.4;17.7;18.1;18.7;19.3;19.8;20.3
73349;15.4;15.4;15.3;15.3;15.3;15.4;15.3;15.2;15.0;14.6;14.2;13.9;13.9
52250;15.4;15.6;15.7;15.9;16.0;16.0;15.6;14.6;13.6;12.9;12.7;12.7;12.7
68077;15.3;15.4;15.5;15.7;15.8;15.9;16.1;16.2;16.4;16.8;17.1;17.5;18.0
85250;15.3;15.7;16.2;16.6;17.1;17.6;18.1;18.5;19.0;19.5;19.9;20.4;20.8
20400;15.3;16.0;16.5;16.9;17.2;17.6;18.1;19.1;20.5;22.6;24.6;26.3;27.6
13688;15.3;15.5;15.7;15.9;16.1;16.4;16.6;16.8;17.1;17.5;17.9;18.4;19.0
41524;15.3;15.3;15.4;15.4;15.4;15.3;15.1;15.0;14.9;14.8;14.8;14.8;15.0
20238;15.0;15.3;15.7;16.0;16.3;16.5;16.8;17.0;17.0;16.8;16.7;17.0;17.4
68615;15.0;15.0;15.0;15.1;15.0;14.9;14.8;14.8;14.8;14.8;14.8;14.9;15.1
66088;15.0;14.9;15.0;15.0;14.9;14.6;14.4;14.3;14.3;14.2;14.0;13.9;13.9
41306;14.9;14.6;14.3;14.2;14.1;14.0;13.9;13.9;13.9;13.9;13.8;13.8;13.9
25513;14.8;15.1;15.3;15.6;15.8;15.9;16.0;15.8;15.1;14.3;13.8;13.8;14.1
8634;14.8;15.0;15.2;15.4;15.5;15.7;15.8;16.0;16.3;16.8;17.4;18.2;19.1
23500;14.8;15.2;15.4;15.6;15.7;15.9;16.0;16.2;16.4;16.6;16.7;16.8;17.0
47570;14.6;14.8;15.0;15.1;15.3;15.4;15.5;15.7;15.8;16.1;16.4;16.8;17.5
27361;14.6;15.0;15.5;15.9;16.2;16.2;16.4;16.6;16.8;17.0;17.2;17.3;17.3
73555;14.5;14.5;14.5;14.4;14.4;14.2;14.2;14.3;14.4;14.5;14.4;14.5;14.5
19110;14.5;14.9;15.2;15.4;15.7;15.9;16.1;16.4;16.7;17.1;17.4;17.7;17.9
25817;14.4;14.6;14.8;15.0;15.2;15.4;15.7;16.1;17.0;18.5;20.5;22.5;24.2
52683;14.3;14.4;14.5;14.7;14.8;14.9;15.0;14.8;14.4;13.5;12.4;11.7;11.4
47745;14.3;14.3;14.3;14.4;14.5;14.5;14.6;14.7;14.7;14.8;14.9;15.3;15.9
5895;14.3;14.4;14.5;14.6;14.4;13.8;13.6;13.6;13.7;13.7;13.7;13.9;14.2
17777;14.2;14.3;14.3;14.4;14.4;14.5;14.5;14.7;14.9;15.2;15.7;16.1;16.3
47318;14.2;14.4;14.6;14.7;14.8;14.9;15.0;15.1;15.1;15.1;14.9;15.0;15.4
70678;14.2;14.5;14.7;14.8;15.0;15.1;15.3;15.4;15.5;15.7;15.8;16.2;16.5
13670;14.2;14.2;14.3;14.4;14.6;14.8;15.0;15.1;15.2;15.2;15.2;15.3;15.8
73616;14.2;14.1;14.1;14.1;14.0;13.8;13.7;13.6;13.4;13.1;12.9;12.8;12.8
25875;14.1;14.4;14.6;14.9;15.1;15.3;15.4;15.5;15.5;15.3;15.1;15.1;15.8
19473;14.1;14.4;14.6;14.9;15.3;15.7;16.3;17.1;18.6;20.1;21.2;21.9;22.3
41359;14.1;14.2;14.3;14.4;14.5;14.5;14.6;14.6;14.6;14.5;14.3;14.2;14.3
44078;14.1;14.5;15.0;15.5;16.0;16.4;16.8;17.3;17.8;18.5;19.2;20.1;20.9
70771;14.0;14.3;14.5;14.8;15.0;15.3;15.6;15.8;15.9;16.1;16.3;16.6;17.0
44874;14.0;14.7;15.2;15.6;16.0;16.3;16.4;16.6;16.5;16.1;15.7;16.0;16.2
41020;14.0;13.9;13.8;13.5;13.2;13.0;12.8;12.7;12.7;12.6;12.6;12.7;12.7
23678;14.0;14.2;14.3;14.4;14.5;14.6;14.7;14.8;15.0;15.1;15.2;15.2;15.3
17541;13.9;14.0;14.0;13.9;13.8;13.5;13.2;12.7;12.1;11.5;11.3;11.2;11.1
5361;13.9;14.0;14.1;14.3;14.4;14.6;14.7;14.9;14.9;14.9;15.0;15.3;15.4
25377;13.9;14.1;14.3;14.5;14.7;14.8;15.0;15.2;15.5;15.9;16.3;16.8;17.7
8685;13.9;14.0;14.2;14.4;14.5;14.7;14.9;15.3;15.6;16.0;16.3;16.8;17.5
50689;13.8;14.4;14.8;15.3;15.8;16.1;16.5;16.6;16.4;15.8;15.3;15.0;15.0
99773;13.7;15.1;16.7;18.4;20.1;22.0;24.1;26.4;29.1;32.5;36.7;41.0;42.9
19050;13.7;13.9;14.1;14.3;14.5;14.7;14.8;14.8;14.7;14.7;14.6;14.7;14.9
20178;13.7;14.0;14.3;14.5;14.7;14.9;15.0;15.1;15.1;15.1;15.2;15.6;16.2
8520;13.7;13.8;14.0;14.1;14.3;14.5;14.8;15.1;15.3;15.6;15.8;16.3;17.0
5679;13.6;13.8;14.0;14.1;14.3;14.4;14.5;14.7;14.7;14.8;14.8;15.1;15.2
47707;13.4;13.6;13.7;13.9;14.0;14.2;14.3;14.4;14.4;14.4;14.3;14.3;14.5
81065;13.4;14.5;15.8;17.1;18.4;19.4;20.5;21.6;22.6;23.9;25.6;28.1;30.1
52227;13.4;13.7;14.0;14.5;15.2;16.2;17.1;18.1;19.1;19.9;20.4;20.8;20.8
8421;13.4;13.6;13.9;14.1;14.3;14.5;14.7;14.8;14.9;15.2;15.4;15.9;16.5
19075;13.4;13.5;13.6;13.7;13.7;13.6;13.3;12.7;12.2;11.9;11.8;11.9;12.0
5042;13.2;13.3;13.5;13.6;13.8;14.0;14.2;14.3;14.4;14.4;14.5;14.7;15.0
23574;13.2;13.4;13.5;13.5;13.4;13.3;13.2;13.1;13.1;13.2;13.3;13.3;13.5
5282;13.2;13.3;13.5;13.6;13.5;13.3;13.2;13.3;13.3;13.4;13.4;13.8;13.8
85440;13.1;13.5;13.9;14.3;14.8;15.2;15.7;16.3;17.1;18.2;19.2;19.9;20.2
13433;13.1;13.3;13.5;13.7;13.9;14.3;14.6;14.8;15.1;15.2;15.3;15.6;16.1
81794;13.0;13.4;13.9;14.4;14.8;15.3;15.9;16.8;18.0;19.9;22.1;24.8;26.3
8606;12.9;13.1;13.2;13.4;13.5;13.6;13.8;13.9;14.0;14.1;14.3;14.8;15.4
20621;12.9;13.2;13.5;13.7;14.0;14.2;14.5;14.7;14.8;15.0;15.2;15.6;16.2
13549;12.9;13.1;13.3;13.5;13.9;14.3;14.7;14.9;14.9;14.7;14.1;13.6;13.8
66440;12.8;12.9;13.0;12.9;12.4;11.4;11.0;10.8;10.6;10.2;9.8;9.5;9.5
5664;12.6;12.7;12.8;13.0;13.1;13.2;13.2;13.0;12.6;12.3;12.2;12.4;12.6
15469;12.6;12.6;12.6;12.6;12.5;12.5;12.5;12.6;12.6;12.7;12.7;12.7;12.9
17013;12.5;12.4;12.5;12.5;12.5;12.6;12.6;12.7;12.8;12.8;12.8;12.9;12.9
52110;12.5;12.6;12.8;13.0;13.2;13.4;13.6;13.6;13.5;13.4;13.4;13.5;13.5
54720;12.5;12.7;12.9;13.1;13.1;13.1;13.1;13.2;13.3;13.4;13.6;14.2;14.7
13654;12.4;12.6;12.7;12.9;13.0;13.2;13.3;13.4;13.4;13.4;13.4;13.5;13.7
19212;12.4;12.5;12.6;12.7;12.9;13.0;13.1;13.3;13.5;13.8;14.0;14.2;14.3
25785;12.4;12.6;12.7;12.7;12.0;10.6;10.1;10.2;10.4;10.8;11.4;12.2;12.9
20250;12.3;12.5;12.7;12.9;13.2;13.9;14.6;15.8;17.6;19.3;20.3;21.1;22.2
70508;12.3;12.4;12.5;12.6;12.6;12.7;12.7;12.7;12.7;12.7;12.7;12.9;13.0
76113;12.2;12.3;12.5;12.6;12.7;12.9;13.0;13.1;13.2;13.3;13.5;13.7;13.7
19532;12.2;12.4;12.6;12.8;13.2;13.9;15.2;16.9;18.4;19.6;20.2;20.8;20.9
25758;12.2;12.4;12.5;12.8;13.0;13.1;13.3;13.5;13.8;14.0;14.2;14.5;15.5
5604;12.2;12.4;12.6;12.9;13.1;13.4;13.7;14.0;14.3;14.8;15.3;16.0;16.4
54261;12.2;12.4;12.6;12.9;13.1;13.3;13.5;13.7;13.9;14.1;14.4;15.0;15.9
73624;12.1;12.2;12.1;12.2;12.2;12.2;12.2;12.3;12.3;12.3;12.2;12.2;12.1
68655;12.0;12.6;13.2;14.0;14.8;15.5;16.2;16.7;17.3;17.8;18.2;18.6;19.1
5031;12.0;12.3;12.5;12.7;12.9;13.2;13.4;13.6;13.8;14.0;14.2;14.6;15.0
5209;12.0;12.1;12.2;12.3;12.2;11.9;11.8;11.8;11.8;11.9;11.9;12.0;12.1
20710;12.0;12.2;12.4;12.7;12.9;13.2;13.4;13.6;13.8;13.9;14.2;14.8;15.5
25245;11.9;12.1;12.3;12.4;12.5;12.5;12.5;12.7;12.8;13.0;13.1;13.5;14.1
41807;11.9;12.0;12.1;12.2;12.2;12.3;12.3;12.3;12.3;12.3;12.3;12.3;12.3
18592;11.9;12.4;12.8;13.1;13.4;13.6;13.9;14.1;14.3;14.4;14.7;14.9;14.8
13140;11.9;12.0;12.2;12.3;12.5;12.7;12.8;12.9;13.0;12.9;12.8;12.7;12.8
25743;11.8;11.8;11.9;12.1;12.1;11.9;11.9;11.9;12.0;12.1;12.0;12.2;12.7
44090;11.7;12.2;12.7;13.3;13.8;14.3;14.9;15.6;16.5;17.7;19.4;21.3;22.6
68861;11.7;11.9;12.1;12.3;12.6;12.9;13.2;13.3;13.4;13.5;13.5;13.7;14.0
25214;11.7;11.9;12.1;12.4;12.7;12.9;13.4;14.1;15.1;16.3;17.4;18.4;19.7
73483;11.7;11.7;11.6;11.5;10.6;9.1;8.5;8.4;8.4;8.3;8.3;8.4;8.3
5890;11.6;11.8;11.9;12.0;12.1;12.3;12.4;12.4;12.5;12.5;12.5;12.7;13.0
5002;11.6;11.8;11.9;12.0;11.8;11.3;11.1;11.2;11.2;11.3;11.3;11.5;11.4
18150;11.6;12.0;12.3;12.7;13.1;13.6;14.2;14.9;15.5;16.1;16.6;17.1;17.3
5234;11.5;11.7;11.8;12.0;12.2;12.4;12.5;12.6;12.7;12.7;12.8;13.0;13.1
76041;11.5;11.6;11.7;11.8;11.6;11.2;11.0;10.9;10.7;10.3;10.0;9.8;9.8
52019;11.4;11.6;11.6;11.6;11.1;10.1;9.5;8.9;7.7;6.5;5.7;5.4;5.3
25183;11.4;11.5;11.7;11.8;11.7;11.3;11.2;11.3;11.4;11.4;11.5;11.6;12.1
23079;11.3;11.4;11.5;11.6;11.7;11.8;11.9;11.9;12.0;12.0;11.9;11.9;12.0
17653;11.3;11.3;11.4;11.4;11.5;11.5;11.5;11.5;11.4;11.2;11.0;11.0;10.9
5674;11.2;11.3;11.5;11.5;11.4;11.0;10.9;11.1;11.4;11.8;12.1;12.4;12.5
8137;11.2;11.4;11.5;11.6;11.8;11.9;12.0;12.1;12.2;12.3;12.5;12.9;13.1
17662;11.2;11.2;11.3;11.3;11.3;11.3;11.4;11.4;11.5;11.5;11.5;11.5;11.3
13006;11.1;11.3;11.5;11.7;12.1;12.7;13.2;13.5;13.7;13.7;13.7;13.7;13.9
70823;11.1;11.3;11.4;11.5;11.7;11.9;12.0;12.1;12.1;12.0;11.9;12.0;12.3
19300;11.1;11.3;11.5;11.6;11.3;10.3;9.6;9.4;9.4;9.5;9.4;11.1;11.2
73124;11.1;11.0;11.0;11.0;11.0;11.0;10.9;10.8;10.6;10.5;10.4;10.4;10.4
19780;11.0;11.2;11.4;11.6;12.0;12.6;13.6;15.0;16.4;17.2;17.6;18.0;18.2
8560;11.0;11.3;11.5;11.8;12.0;12.2;12.4;12.5;12.6;12.8;13.0;13.4;14.0
70418;11.0;11.1;11.2;11.4;11.6;11.9;12.1;12.2;12.3;12.5;12.6;12.9;13.2
5659;11.0;10.9;11.0;11.1;11.1;11.1;11.0;11.1;11.1;11.1;11.1;11.3;11.6
52687;10.9;11.1;11.2;11.3;11.4;11.5;11.4;11.1;10.8;10.5;10.4;10.4;10.4
20770;10.9;11.2;11.4;11.6;11.8;12.0;12.2;12.5;13.0;13.7;14.4;15.0;15.7
47258;10.9;11.2;11.4;11.5;11.7;11.9;12.1;12.1;12.2;12.3;12.4;12.7;13.2
68432;10.9;10.9;11.0;11.1;11.2;11.3;11.4;11.5;11.5;11.6;11.6;11.8;12.0
52585;10.9;11.0;11.2;11.3;11.5;11.7;11.7;11.5;11.1;10.5;10.0;9.9;9.8
5284;10.8;11.0;11.1;11.2;11.3;11.5;11.6;11.7;11.7;11.6;11.6;11.7;11.6
17433;10.8;10.9;10.9;10.9;11.0;11.0;11.0;11.0;10.8;10.5;10.2;10.1;10.0
13683;10.8;11.1;11.6;11.9;11.5;10.8;10.8;11.1;11.3;11.4;11.6;11.8;12.3
25200;10.8;10.9;11.0;11.2;11.3;11.4;11.5;11.6;11.7;11.9;12.0;12.4;13.1
23419;10.8;10.9;10.9;10.9;10.8;10.6;10.5;10.4;10.4;10.5;10.5;10.5;10.7
76306;10.7;10.9;11.1;11.3;11.5;11.6;11.8;11.9;12.1;12.3;12.5;12.8;12.9
68235;10.7;10.7;10.8;10.8;10.4;9.8;9.6;9.8;10.3;11.0;11.4;11.8;12.1
13810;10.6;10.8;11.0;11.1;11.3;11.7;11.7;11.4;11.0;10.5;10.2;10.2;10.5
76828;10.6;10.8;11.0;11.1;11.3;11.4;11.5;11.5;11.4;11.2;10.9;10.8;10.7
13873;10.6;11.0;11.3;11.5;11.8;12.1;12.3;12.5;12.6;12.8;13.0;13.4;13.8
73861;10.6;10.5;10.5;10.3;10.1;9.7;9.0;8.4;8.0;7.6;7.4;7.2;7.2
73408;10.6;10.6;10.5;10.5;10.5;10.5;10.5;10.5;10.5;10.5;10.4;10.5;10.5
47692;10.6;10.7;10.8;10.9;11.0;11.1;11.2;11.2;11.1;11.0;10.9;11.0;11.4
5642;10.5;10.7;10.8;10.8;10.7;10.2;10.1;10.1;10.1;10.1;10.1;10.3;10.3
19022;10.5;10.7;10.9;11.1;11.2;11.4;11.5;11.6;11.5;11.2;10.7;10.4;10.3
5670;10.5;10.7;10.9;11.1;11.3;11.4;11.6;11.7;11.8;11.9;11.9;12.1;12.1
73067;10.5;10.7;10.8;10.8;10.8;10.8;10.8;10.8;10.9;10.9;10.8;10.9;10.8
20032;10.5;10.5;10.6;10.7;10.8;10.9;11.0;11.1;11.2;11.2;11.2;11.3;11.6
5400;10.5;10.6;10.7;10.9;11.1;11.3;11.4;11.4;11.5;11.7;11.8;12.1;12.4
15299;10.4;10.5;10.5;10.4;10.4;10.3;10.2;10.2;10.2;10.1;10.1;10.1;10.2
70235;10.4;10.5;10.6;10.7;10.8;10.8;10.9;11.1;11.4;11.7;12.0;12.4;12.8
20570;10.3;10.5;10.6;10.8;11.1;11.4;12.0;12.6;13.4;14.1;14.7;15.2;15.9
19809;10.3;10.6;10.8;11.1;11.5;12.6;13.3;13.6;13.9;14.2;14.4;14.7;14.9
41016;10.3;10.3;10.2;10.2;10.2;10.0;9.8;9.5;9.3;9.2;9.1;9.1;9.2
76036;10.3;10.5;10.6;10.9;11.2;11.6;11.9;12.1;12.2;12.4;12.5;12.6;12.7
5495;10.3;10.4;10.5;10.7;10.8;11.0;11.2;11.5;11.9;12.7;13.6;14.5;15.0
52378;10.3;10.4;10.5;10.6;10.7;10.7;10.8;10.8;10.8;10.7;10.6;10.6;10.5
15646;10.3;10.3;10.4;10.4;10.4;10.4;10.4;10.4;10.4;10.3;10.3;10.3;10.5
52317;10.2;10.4;10.6;10.7;10.8;11.0;11.1;11.1;11.0;11.0;10.9;11.0;10.9
27077;10.2;10.7;11.2;11.8;12.5;13.9;15.0;15.5;15.8;16.1;16.5;16.9;17.0
5607;10.2;10.5;10.7;11.0;11.3;11.6;11.8;12.1;12.3;12.5;12.8;13.2;13.6
19450;10.2;10.4;10.5;10.8;11.0;11.3;11.6;11.8;12.0;12.3;12.5;12.8;12.9
44035;10.2;10.6;10.9;11.3;11.7;12.0;12.3;12.8;13.5;14.6;15.5;16.4;17.4
13744;10.2;10.2;10.3;10.4;10.5;10.6;10.6;10.6;10.5;10.4;10.2;10.2;10.5
19824;10.2;10.3;10.5;10.7;10.9;11.1;11.3;11.5;12.0;12.7;13.3;13.8;14.2
50226;10.2;10.5;10.9;11.2;11.6;12.0;12.2;12.5;12.5;12.6;12.7;12.9;13.0
19142;10.1;10.2;10.5;10.9;12.1;15.1;17.4;18.1;18.4;18.6;18.6;17.0;17.0
47268;10.0;10.0;10.0;10.1;10.2;10.3;10.4;10.5;10.6;10.7;10.8;11.1;11.5
25799;9.9;10.1;10.2;10.3;10.2;9.7;9.7;10.1;10.7;11.5;12.0;12.4;13.0
86885;9.9;10.3;10.6;10.9;11.1;11.3;11.5;11.7;12.1;12.6;13.0;13.4;13.4
18247;9.9;10.1;10.2;10.4;10.6;10.7;10.8;10.9;11.0;11.0;10.9;10.9;10.8
27787;9.9;10.2;10.5;10.7;10.8;10.6;10.6;10.6;10.6;10.5;10.3;10.1;10.1
5237;9.8;9.8;9.9;10.0;10.1;10.2;10.3;10.4;10.4;10.5;10.5;10.6;10.9
70717;9.7;9.8;9.9;10.0;10.1;10.2;10.2;10.3;10.3;10.4;10.4;10.5;10.7
41615;9.7;9.8;9.9;10.0;10.0;10.1;10.4;10.9;11.8;12.8;13.4;13.7;13.9
5585;9.7;9.8;9.9;9.9;9.6;8.9;8.6;8.5;8.3;8.1;8.0;8.1;8.1
85410;9.7;10.0;10.2;10.5;10.8;11.1;11.4;11.7;12.0;12.4;12.8;13.3;13.8
76616;9.7;9.9;10.1;10.2;10.3;10.3;10.3;10.0;9.4;8.9;8.7;8.8;8.7
5138;9.7;9.8;9.9;9.9;9.6;8.9;8.6;8.6;8.6;8.6;8.6;8.7;8.7
25815;9.7;9.8;10.0;10.2;10.3;10.4;10.5;10.5;10.3;9.7;9.1;8.9;9.1
15047;9.6;9.6;9.6;9.6;9.4;9.2;9.1;9.0;8.9;8.8;8.7;8.7;8.7
41319;9.6;9.7;9.8;9.8;9.9;9.9;9.9;10.0;10.0;10.0;10.0;10.1;10.2
5591;9.6;9.7;9.8;9.8;9.6;9.1;9.0;9.0;9.1;9.3;9.6;10.2;10.5
17524;9.6;9.5;9.5;9.5;9.3;8.9;8.8;8.8;8.8;8.8;8.8;8.8;8.8
5541;9.6;9.7;9.9;10.1;10.3;10.5;10.7;10.9;11.1;11.3;11.5;11.9;12.1
25151;9.5;9.7;9.8;9.9;10.0;10.1;10.2;10.2;10.0;9.8;9.6;9.6;9.8
5789;9.5;9.6;9.7;9.8;9.9;10.0;10.0;10.0;9.8;9.5;9.2;9.2;9.1
20517;9.5;9.7;9.9;10.0;10.2;10.4;10.5;10.6;10.4;10.3;10.2;10.5;10.8
52786;9.5;9.5;9.6;9.7;9.8;9.9;10.0;10.0;10.0;10.0;10.0;10.1;10.1
47460;9.4;9.5;9.6;9.8;9.9;10.2;10.4;10.5;10.6;10.7;10.8;11.1;11.5
25885;9.4;9.5;9.6;9.7;9.5;9.2;9.0;8.8;8.3;7.7;7.1;6.9;7.0
94001;9.4;9.9;10.5;11.1;11.8;12.5;13.0;13.6;14.4;15.3;16.4;17.8;18.4
41791;9.4;9.5;9.5;9.6;9.8;9.9;10.0;10.1;10.0;10.0;9.9;9.8;9.9
47170;9.4;9.5;9.6;9.7;9.8;9.9;10.1;10.5;11.1;11.6;11.9;12.3;12.8
20550;9.4;9.5;9.6;9.8;9.9;10.1;10.3;10.5;10.7;11.0;11.2;11.7;12.1
50568;9.3;9.7;10.0;10.5;10.9;11.5;12.2;13.3;15.6;18.9;21.7;23.4;24.0
25873;9.3;9.4;9.5;9.6;9.5;9.4;9.4;9.4;9.5;9.5;9.6;9.7;10.0
13473;9.3;9.7;9.9;10.1;10.5;11.2;11.7;11.9;12.1;12.2;12.3;12.5;12.9
13600;9.3;7.3;7.4;7.5;7.6;7.7;7.4;6.8;6.6;6.6;6.7;6.0;6.0
54820;9.2;9.4;9.5;9.6;9.7;9.7;9.7;9.5;9.2;8.7;8.5;8.7;9.0
66687;9.1;9.2;9.3;9.3;9.4;9.3;9.2;8.8;8.2;7.7;7.3;7.1;7.0
19760;9.1;9.3;9.4;9.5;9.4;9.2;8.8;8.3;7.9;7.8;7.8;7.9;7.9
70265;9.1;9.2;9.3;9.4;9.5;9.7;9.8;9.9;9.9;9.9;9.8;10.0;10.3
25572;9.1;9.3;9.4;9.6;9.8;9.9;10.0;10.0;9.7;9.2;8.8;8.7;9.0
23300;9.0;9.1;9.3;9.4;9.5;9.6;9.7;9.9;10.1;10.4;10.6;10.7;10.9
5093;9.0;9.0;9.1;9.1;9.0;8.7;8.6;8.6;8.7;8.7;8.7;8.8;8.9
76823;9.0;9.1;9.1;9.2;9.3;9.4;9.4;9.3;9.1;8.7;8.3;8.2;8.2
19418;8.9;9.2;9.3;9.4;9.5;9.6;9.7;9.8;9.9;10.1;10.3;10.5;10.6
13647;8.9;9.0;9.1;9.2;9.3;9.5;9.6;9.7;9.8;9.9;10.0;10.3;10.6
54172;8.9;9.0;9.1;9.2;9.2;9.0;9.0;9.0;9.1;9.2;9.3;9.7;10.2
52693;8.8;8.9;9.0;9.1;9.2;9.3;9.4;9.4;9.3;9.1;8.9;8.7;8.5
52612;8.8;9.0;9.1;9.2;9.3;9.5;9.7;9.8;10.0;10.3;10.7;11.1;11.2
23464;8.8;8.9;9.1;9.2;9.3;9.4;9.6;9.7;10.0;10.3;10.7;11.0;11.2
20383;8.7;8.8;8.9;8.9;9.0;9.1;9.1;9.2;9.2;9.3;9.4;9.7;10.1
18410;8.7;9.0;9.2;9.5;9.5;9.4;9.4;9.4;9.0;8.6;8.3;8.3;8.3
15491;8.7;8.7;8.7;8.6;8.5;8.3;8.2;8.2;8.4;8.6;8.8;9.0;9.1
23586;8.7;8.8;9.0;9.1;9.2;9.3;9.4;9.5;9.5;9.6;9.6;9.7;9.8
76100;8.7;8.8;9.0;9.1;9.2;9.3;9.4;9.4;9.4;9.3;9.1;9.0;8.9
20295;8.7;8.8;8.9;9.1;9.2;9.2;9.2;9.0;8.7;8.5;8.3;8.4;8.7
20045;8.6;8.9;9.0;9.3;9.7;10.3;10.7;11.0;11.2;11.4;11.7;12.2;12.7
19585;8.6;8.8;8.9;9.1;9.2;9.3;9.4;9.5;9.6;9.6;9.7;9.7;9.8
41770;8.6;8.7;8.8;8.8;9.0;9.3;9.5;9.9;10.5;11.4;12.0;12.3;12.6
86757;8.6;8.8;9.0;9.3;9.4;9.6;9.7;9.7;9.8;10.0;10.2;10.6;10.8
52258;8.6;8.8;8.9;9.0;9.1;9.2;9.1;8.9;8.5;8.2;8.1;8.1;8.1
76126;8.6;8.8;8.9;9.1;9.3;9.4;9.6;9.7;9.8;9.9;10.0;10.2;10.2
13074;8.6;8.7;8.8;9.0;9.1;9.3;9.4;9.5;9.4;9.1;8.6;8.4;8.4
23168;8.6;8.8;9.0;9.1;9.2;9.3;9.4;9.5;9.6;9.7;9.8;9.9;10.0
19845;8.6;8.8;9.0;9.2;9.4;9.6;9.8;10.1;10.4;10.8;11.2;11.7;11.8
5197;8.6;8.7;8.9;9.1;9.3;9.5;9.6;9.7;9.7;9.4;9.0;8.7;8.5
8372;8.6;8.7;8.9;9.1;9.3;9.5;9.8;10.2;10.6;11.0;11.4;11.8;12.4
20614;8.5;8.7;8.8;9.0;9.1;9.2;9.3;9.4;9.4;9.4;9.4;9.5;9.8
23090;8.5;8.7;8.7;8.8;8.9;9.0;9.0;9.1;9.1;9.0;8.8;8.6;8.7
73675;8.5;8.5;8.5;8.5;8.5;8.5;8.4;8.3;8.2;7.8;7.5;7.3;7.1
54206;8.5;8.6;8.7;8.8;8.9;9.0;9.2;9.4;9.5;9.8;10.0;10.4;10.8
47660;8.5;8.5;8.6;8.7;8.9;9.0;9.1;9.0;8.9;8.8;8.7;8.8;9.2
68572;8.4;8.5;8.5;8.5;8.5;8.3;8.2;8.2;8.2;8.2;8.2;8.3;8.3
25772;8.4;8.5;8.6;8.7;8.7;8.4;8.3;8.5;8.7;9.0;9.3;9.6;10.1
8558;8.4;8.6;8.8;9.0;9.2;9.3;9.4;9.5;9.6;9.8;9.9;10.3;10.7
76606;8.4;8.6;8.7;8.9;9.0;9.2;9.2;9.2;9.1;8.8;8.6;8.6;8.6
18256;8.4;8.5;8.7;8.9;8.9;8.9;8.9;9.1;9.3;9.6;9.9;10.2;10.3
17513;8.3;8.3;8.4;8.4;8.4;8.5;8.5;8.6;8.6;8.6;8.6;8.6;8.6
5854;8.3;8.2;8.3;8.3;8.1;7.7;7.6;7.6;7.7;7.7;7.7;7.8;7.9
8436;8.3;8.6;8.9;9.2;9.4;9.7;9.9;10.0;10.2;10.5;10.7;11.2;11.7
15861;8.3;8.2;8.2;8.1;8.1;8.0;8.0;8.1;8.2;8.5;8.7;8.8;9.0
54800;8.3;8.3;8.3;8.4;8.4;8.5;8.5;8.5;8.6;8.7;8.8;9.1;9.6
52685;8.2;8.3;8.2;8.1;7.7;6.9;6.2;5.7;5.4;5.2;5.2;5.2;5.2
20750;8.2;8.4;8.5;8.7;8.8;8.9;9.1;9.3;9.6;9.9;10.3;10.7;11.2
52418;8.2;8.2;8.3;8.4;8.4;8.5;8.4;7.9;7.1;6.2;5.6;5.4;5.3
73671;8.2;8.1;8.1;8.1;8.1;8.1;8.1;8.1;8.1;8.1;8.1;8.1;8.1
25148;8.2;8.3;8.3;8.3;8.0;7.4;7.1;7.0;7.0;7.0;7.0;7.1;7.2
52260;8.1;8.2;8.3;8.4;8.5;8.5;8.6;8.6;8.5;8.4;8.2;8.0;7.9
20787;8.1;8.2;8.3;8.3;8.4;8.5;8.5;8.6;8.6;8.6;8.6;8.6;8.9
13667;8.1;8.2;8.3;8.5;8.6;8.8;9.0;9.1;9.1;8.9;8.6;8.3;8.3
76670;8.1;8.2;8.3;8.4;8.5;8.7;8.8;8.9;9.0;9.2;9.3;9.5;9.6
76497;8.1;8.2;8.2;8.3;8.2;7.9;7.8;7.7;7.7;7.5;7.1;6.9;6.8
25260;8.1;8.2;8.4;8.6;8.7;8.9;9.1;9.4;10.0;10.9;11.8;12.4;13.2
76890;8.1;8.1;8.1;8.2;8.3;8.4;8.5;8.5;8.6;8.8;8.9;9.0;9.1
52427;8.0;8.1;8.2;8.3;8.5;8.7;9.0;9.5;10.4;11.8;13.1;13.9;14.2
5649;8.0;8.3;8.4;8.6;8.7;8.8;8.9;9.0;9.0;9.0;9.0;9.2;9.0
52215;8.0;8.2;8.3;8.4;8.6;8.8;8.9;8.9;8.8;8.7;8.7;8.7;8.7
52320;8.0;8.2;8.3;8.3;8.4;8.5;8.5;8.3;7.8;7.2;6.7;6.5;6.4
5667;8.0;8.1;8.2;8.3;8.4;8.5;8.6;8.6;8.7;8.7;8.7;8.8;8.8
19364;8.0;8.0;8.2;8.3;8.5;8.8;9.1;9.2;9.4;9.6;9.8;10.1;10.3
66045;8.0;8.0;8.1;8.1;8.0;7.6;7.4;7.4;7.3;7.2;7.1;7.0;6.9
76403;8.0;8.0;8.1;8.2;8.2;8.3;8.3;8.2;8.0;7.6;7.1;6.9;6.7
5861;7.8;7.9;8.0;8.0;7.6;6.8;6.4;6.4;6.4;6.4;6.4;6.5;6.6
5893;7.8;8.0;8.1;8.2;8.4;8.5;8.7;9.0;9.3;9.7;10.2;10.7;11.1
52240;7.8;8.1;8.3;8.4;8.5;8.6;8.7;8.7;8.6;8.6;8.6;8.7;8.6
44378;7.8;8.1;8.3;8.6;8.9;9.0;9.2;9.5;9.8;10.3;10.8;11.3;11.9
41799;7.8;7.8;7.7;7.7;7.7;7.7;7.6;7.6;7.4;7.2;6.8;6.6;6.6
52560;7.8;7.9;8.0;8.1;8.2;8.2;8.2;8.1;7.5;6.8;6.2;5.9;5.7
5761;7.8;7.9;8.0;8.0;8.1;8.2;8.2;8.3;8.3;8.3;8.3;8.5;8.6
47545;7.8;7.7;7.6;7.5;7.4;7.2;7.0;6.8;6.7;6.7;6.7;6.8;7.1
68385;7.8;7.8;7.8;7.9;7.8;7.7;7.6;7.3;6.7;6.2;5.9;5.9;5.9
66456;7.8;7.8;7.9;7.9;7.9;7.8;7.8;7.9;8.2;8.6;9.1;9.5;9.6
25769;7.7;7.9;8.0;8.1;8.2;8.3;8.4;8.5;8.5;8.6;8.7;8.8;9.1
54250;7.7;8.1;8.4;8.6;8.8;9.1;9.4;9.7;10.1;10.4;10.8;11.3;11.9
99001;7.7;8.2;8.6;9.1;9.5;10.0;10.5;11.0;11.4;11.8;11.9;11.8;11.5
5809;7.7;7.8;7.9;7.9;7.5;6.8;6.5;6.5;6.4;6.3;6.1;6.1;6.0
25402;7.7;7.8;7.9;8.0;8.1;8.1;8.2;8.3;8.5;8.8;9.1;9.6;10.0
8675;7.7;7.9;8.0;8.1;8.2;8.3;8.4;8.5;8.5;8.6;8.8;9.0;9.4
23350;7.7;7.8;7.9;7.9;7.9;7.6;7.6;7.7;7.8;8.0;8.2;8.4;8.5
68255;7.7;7.8;7.8;7.9;8.0;8.0;8.1;8.1;8.0;7.9;7.7;7.7;7.8
5364;7.7;7.7;7.7;7.8;7.9;7.9;7.9;8.0;8.0;8.0;8.1;8.2;8.3
70473;7.7;7.7;7.8;7.9;8.0;8.0;8.0;8.0;7.9;8.1;8.3;8.5;8.7
25040;7.7;7.7;7.8;7.9;8.0;8.1;8.1;8.2;8.1;8.0;7.8;7.8;8.0
73678;7.7;7.7;7.6;7.6;7.6;7.6;7.6;7.6;7.6;7.6;7.6;7.6;7.6
27205;7.6;7.9;8.1;8.3;8.4;8.4;8.4;8.4;8.2;7.9;7.4;7.1;7.0
50325;7.6;7.7;7.5;6.9;5.9;5.0;4.3;3.9;3.8;3.8;3.8;3.9;4.0
13212;7.6;7.8;7.9;8.0;8.1;8.3;8.4;8.5;8.7;8.8;8.8;9.0;9.1
66318;7.6;7.5;7.5;7.5;7.4;7.3;7.2;7.1;7.1;7.0;6.9;6.8;6.8
5368;7.6;7.7;7.8;7.9;8.0;8.1;8.1;8.1;7.9;7.7;7.6;7.7;7.7
52699;7.6;7.4;7.4;7.4;7.0;6.3;6.1;6.1;6.1;6.1;6.0;6.1;6.2
41548;7.6;7.6;7.7;7.7;7.8;7.8;7.8;7.8;7.9;7.8;7.8;7.8;7.8
25878;7.5;7.6;7.7;7.7;7.6;7.4;7.3;7.3;7.3;7.4;7.4;7.5;7.6
68101;7.5;7.6;7.6;7.6;7.6;7.6;7.6;7.5;7.3;7.0;6.6;6.4;6.2
73055;7.5;7.5;7.5;7.5;7.5;7.5;7.5;7.5;7.5;7.4;7.3;7.2;6.9
19693;7.4;7.5;7.6;7.7;7.8;7.7;7.6;7.2;6.7;6.4;6.2;6.2;6.2
63272;7.4;7.4;7.4;7.4;7.3;7.1;7.0;6.9;6.9;6.9;6.8;6.8;6.8
15204;7.4;7.4;7.4;7.3;7.3;7.2;7.2;7.1;7.1;7.2;7.2;7.3;7.4
17444;7.4;7.3;7.3;7.3;7.3;7.4;7.4;7.4;7.4;7.5;7.4;7.5;7.5
86569;7.4;7.8;8.2;8.5;8.8;9.0;9.1;9.1;9.2;9.2;9.1;9.1;9.0
52256;7.3;7.5;7.6;7.7;7.5;7.1;6.9;6.9;6.9;6.9;6.9;6.9;6.9
13838;7.3;7.4;7.4;7.5;7.6;7.7;7.9;8.1;8.4;8.7;9.0;9.2;9.6
52520;7.3;7.5;7.6;7.7;7.8;7.9;8.0;8.0;7.9;7.9;7.9;8.0;8.0
25322;7.3;7.4;7.5;7.6;7.7;7.8;7.9;8.0;8.1;8.2;8.4;8.6;9.1
15632;7.3;7.3;7.2;7.2;7.1;7.0;7.0;7.0;7.2;7.4;7.5;7.7;7.7
15806;7.3;7.2;7.2;7.2;7.1;7.0;6.9;6.9;6.9;7.0;7.1;7.3;7.4
44855;7.2;7.5;7.7;8.0;8.2;8.3;8.4;8.3;7.7;6.9;6.3;6.2;6.3
86749;7.2;7.4;7.6;7.8;8.0;8.1;8.2;8.3;8.3;8.4;8.4;8.4;8.6
70124;7.2;7.4;7.5;7.6;7.7;7.9;8.0;8.1;8.2;8.3;8.4;8.6;8.8
47798;7.2;7.3;7.4;7.4;7.5;7.6;7.6;7.7;7.7;7.6;7.5;7.5;7.5
17050;7.2;7.2;7.2;7.3;7.3;7.3;7.3;7.1;6.8;6.3;6.0;5.9;5.9
85162;7.2;7.4;7.6;7.9;8.3;9.2;9.7;9.7;9.5;9.5;9.7;9.9;10.0
66572;7.1;7.2;7.3;7.3;7.3;7.2;7.2;7.4;7.7;8.2;8.7;9.1;9.2
85139;7.1;7.4;7.7;7.9;8.1;8.4;8.6;8.8;9.0;9.2;9.5;9.7;9.8
8141;7.1;7.3;7.5;7.6;7.8;7.9;8.0;8.1;8.3;8.5;8.7;9.0;9.4
13650;7.1;7.2;7.2;7.3;7.4;7.4;7.5;7.6;7.5;7.4;7.2;7.1;7.2
50711;7.1;7.3;7.6;7.9;8.2;8.5;8.8;9.0;9.2;9.5;9.7;10.0;9.7
76020;7.1;7.1;7.2;7.2;7.3;7.5;7.5;7.6;7.7;7.7;7.8;7.9;8.0
17877;7.1;7.1;7.1;7.1;7.2;7.4;7.4;7.4;7.3;7.3;7.2;7.2;7.2
15693;7.0;7.0;7.1;7.0;7.1;7.0;7.0;7.0;7.1;7.2;7.3;7.4;7.4
70702;7.0;7.0;7.1;7.1;7.2;7.2;7.3;7.3;7.4;7.4;7.5;7.6;7.8
85430;7.0;7.2;7.4;7.5;7.5;7.2;7.1;7.2;7.3;7.3;7.4;7.5;7.5
25279;6.9;7.0;7.1;7.1;7.0;6.6;6.5;6.5;6.5;6.6;6.6;6.8;7.0
86573;6.9;7.4;7.8;8.2;8.8;9.6;10.9;12.4;13.8;14.7;15.4;16.0;16.3
41378;6.9;7.0;7.0;7.1;7.1;7.1;7.1;7.2;7.2;7.2;7.2;7.2;7.3
52565;6.9;6.9;6.9;6.7;5.9;4.7;3.9;3.5;3.3;3.2;3.1;3.1;3.1
52207;6.9;7.1;7.2;7.3;7.5;7.6;7.7;7.7;7.7;7.7;7.7;7.8;7.8
15600;6.9;6.8;6.7;6.7;6.6;6.4;6.1;5.7;5.2;4.8;4.6;4.4;4.5
70523;6.8;6.9;7.0;7.0;7.1;7.1;7.2;7.3;7.4;7.6;7.7;8.0;8.2
52411;6.8;6.9;7.0;7.1;7.2;7.2;7.2;7.1;6.8;6.3;5.9;5.8;5.7
17272;6.8;6.8;6.8;6.8;6.7;6.5;6.4;6.5;6.5;6.5;6.4;6.5;6.4
25839;6.8;6.9;6.9;7.0;7.0;7.0;6.8;6.5;5.7;4.9;4.5;4.3;4.3
13673;6.8;6.9;7.0;7.1;7.3;7.7;7.9;8.0;8.1;8.2;8.2;8.2;8.3
54245;6.8;6.9;6.9;7.0;7.1;7.1;7.1;7.1;7.1;7.1;7.1;7.4;7.7
27800;6.8;7.1;7.4;7.6;7.8;7.7;7.5;7.3;7.1;7.0;7.1;7.2;7.2
5656;6.8;7.0;7.2;7.4;7.6;7.8;8.0;8.2;8.3;8.4;8.5;8.7;8.9
25488;6.8;6.7;6.7;6.8;6.6;6.2;6.1;6.1;6.1;6.1;6.1;6.1;6.4
25035;6.8;6.9;7.0;7.1;7.0;6.8;6.8;6.9;7.1;7.4;7.8;8.2;8.6
25001;6.8;6.9;7.0;7.2;7.3;7.4;7.4;7.5;7.5;7.3;6.9;6.6;6.7
47030;6.8;6.8;6.9;7.0;7.1;7.1;7.2;7.4;7.6;8.0;8.3;8.7;9.1
25053;6.7;6.8;6.9;7.0;7.1;7.2;7.2;7.0;6.7;6.4;6.2;6.1;6.1
25295;6.7;6.9;7.0;7.1;7.2;7.4;7.5;7.7;8.0;8.5;9.0;9.6;10.3
52788;6.7;6.9;7.0;7.1;7.3;7.4;7.5;7.6;7.6;7.5;7.6;7.6;7.5
52405;6.7;6.8;6.8;6.9;7.0;7.0;7.0;6.9;6.5;6.0;5.7;5.5;5.4
52696;6.7;7.0;7.2;7.3;7.4;7.6;7.6;7.7;7.6;7.6;7.5;7.6;7.5
68167;6.7;6.8;6.8;6.9;6.9;7.0;7.0;7.0;7.0;7.0;6.9;6.9;6.9
68229;6.6;6.7;6.7;6.8;6.8;6.9;6.9;7.0;7.0;7.0;7.1;7.2;7.3
8832;6.6;6.8;7.0;7.2;7.3;7.5;7.6;7.9;8.3;8.8;9.3;9.8;10.2
25317;6.6;6.7;6.8;6.9;7.0;7.0;7.1;7.2;7.3;7.3;7.4;7.5;7.7
25486;6.6;6.7;6.8;6.9;6.9;6.8;6.8;6.9;7.0;7.1;7.2;7.4;7.8
52381;6.6;6.7;6.8;6.8;6.9;7.0;7.0;6.9;6.6;6.2;5.8;5.7;5.6
5858;6.5;6.7;6.8;6.9;7.0;7.1;7.2;7.2;7.1;6.9;6.7;6.7;6.7
5660;6.5;6.7;6.9;7.1;7.3;7.4;7.6;7.7;7.7;7.5;7.4;7.3;7.3
41503;6.5;6.6;6.6;6.7;6.7;6.7;6.6;6.7;6.6;6.6;6.5;6.6;6.6
5310;6.5;6.6;6.6;6.7;6.7;6.5;6.4;6.1;5.8;5.5;5.4;5.5;5.5
25745;6.5;6.6;6.7;6.8;6.8;6.7;6.7;6.8;6.9;7.0;7.1;7.2;7.6
13780;6.5;6.6;6.7;6.8;6.9;7.0;7.1;7.2;7.2;7.3;7.3;7.4;7.4
19622;6.5;6.6;6.7;6.7;6.8;6.9;7.0;7.0;6.9;6.7;6.5;6.5;6.5
5240;6.5;6.5;6.5;6.6;6.6;6.6;6.7;6.7;6.7;6.8;6.7;6.8;6.8
25181;6.5;6.5;6.6;6.6;6.5;6.1;6.0;6.0;6.0;6.1;6.1;6.2;6.3
17088;6.4;6.4;6.4;6.4;6.3;6.1;6.0;6.0;6.0;6.0;6.0;6.0;6.0
13300;6.4;6.5;6.6;6.7;6.8;6.9;7.0;7.1;7.1;7.0;6.9;6.9;7.2
50287;6.4;6.5;6.8;7.0;7.2;7.3;7.2;7.1;6.8;6.7;6.7;6.8;6.9
54128;6.4;6.4;6.5;6.6;6.6;6.6;6.6;6.6;6.6;6.4;6.2;6.2;6.3
50577;6.4;6.6;6.9;7.1;7.4;7.7;7.7;7.4;6.8;6.3;5.9;5.9;5.8
44098;6.3;6.6;6.8;7.0;7.1;7.1;7.0;6.9;6.8;6.8;7.0;7.3;7.7
50606;6.3;6.6;6.8;7.1;7.6;8.5;9.1;9.4;9.6;9.8;10.1;10.3;10.4
76377;6.3;6.5;6.6;6.7;6.8;6.9;7.1;7.4;7.9;8.4;8.8;9.2;9.3
27006;6.3;6.6;6.9;7.1;7.2;7.3;7.4;7.5;7.6;7.7;7.8;7.9;7.9
13222;6.3;6.4;6.4;6.6;6.7;6.9;7.2;7.4;7.6;7.8;8.0;8.2;8.5
68464;6.3;6.3;6.4;6.4;6.4;6.4;6.4;6.4;6.3;6.1;6.0;5.9;6.0
5690;6.3;6.3;6.4;6.4;6.5;6.6;6.7;6.8;6.8;6.8;6.8;7.0;6.9
18094;6.3;6.4;6.6;6.7;6.8;6.7;6.6;6.4;6.2;6.1;6.1;6.2;6.3
68418;6.3;6.3;6.3;6.3;6.4;6.4;6.5;6.6;6.8;7.2;7.6;7.9;8.2
19392;6.2;6.3;6.4;6.5;6.7;6.8;6.9;6.9;6.8;6.5;6.2;6.1;6.0
70400;6.2;6.3;6.3;6.4;6.5;6.5;6.6;6.6;6.7;6.7;6.8;7.0;7.2
13188;6.2;6.3;6.3;6.4;6.5;6.6;6.7;6.8;7.0;7.2;7.4;7.6;7.8
41530;6.2;6.2;6.3;6.3;6.3;6.3;6.3;6.4;6.3;6.3;6.3;6.3;6.4
73870;6.2;6.2;6.1;6.1;6.1;6.1;6.1;6.0;5.8;5.5;5.3;5.2;5.2
17616;6.2;6.2;6.2;6.2;6.2;6.1;6.1;6.1;6.1;6.1;6.1;6.1;6.0
68500;6.1;6.1;6.2;6.2;6.1;6.0;6.0;6.0;6.0;6.0;6.0;6.1;6.2
25297;6.1;6.2;6.2;6.3;6.4;6.4;6.4;6.3;6.0;5.5;5.0;4.7;4.8
85125;6.1;6.2;6.4;6.6;6.8;6.9;7.0;7.1;7.2;7.2;7.1;6.9;6.9
25645;6.1;6.1;6.2;6.2;6.2;6.2;6.2;6.2;6.2;6.3;6.4;6.7;7.0
15183;6.0;6.0;6.0;5.9;5.9;5.8;5.7;5.6;5.4;5.1;4.8;4.5;4.4
54670;6.0;6.1;6.2;6.3;6.3;6.3;6.3;6.3;6.4;6.4;6.5;6.8;6.8
15507;6.0;6.0;6.0;5.9;5.8;5.5;5.4;5.3;5.1;4.9;4.6;4.5;4.5
41660;6.0;6.0;6.0;6.0;6.0;6.0;6.0;6.0;6.0;6.0;5.9;5.9;5.9
13030;6.0;6.0;5.9;5.9;5.9;6.0;6.0;6.0;6.0;6.1;6.1;6.2;6.4
5313;6.0;6.1;6.2;6.2;6.3;6.4;6.4;6.4;6.2;5.9;5.7;5.7;5.6
5038;5.9;5.9;5.9;6.0;6.1;6.1;6.2;6.3;6.3;6.3;6.3;6.4;6.5
41676;5.9;6.0;6.0;6.0;6.0;6.0;6.0;6.0;6.0;5.9;5.9;5.9;5.9
41357;5.9;6.0;6.0;6.0;6.1;6.0;6.0;5.8;5.6;5.4;5.3;5.2;5.2
25649;5.9;6.0;6.1;6.1;5.7;4.9;4.6;4.6;4.7;4.7;4.7;4.8;4.9
27099;5.9;6.0;6.1;6.2;6.2;6.2;6.2;6.3;6.4;6.5;6.6;6.8;6.9
15531;5.9;5.9;5.9;5.8;5.7;5.4;5.2;4.9;4.5;4.3;4.1;4.0;4.1
47703;5.9;6.1;6.2;6.3;6.3;6.4;6.4;6.4;6.4;6.5;6.5;6.6;6.8
25718;5.9;6.0;6.0;6.1;6.1;6.0;6.0;6.0;6.0;6.0;6.0;6.0;6.3
5091;5.9;5.9;6.0;6.0;6.0;5.8;5.7;5.7;5.7;5.7;5.7;5.8;5.8
73043;5.9;6.0;6.1;6.1;6.0;5.8;5.8;5.7;5.8;5.8;5.7;5.8;5.7
68770;5.9;5.9;5.9;5.9;5.9;5.9;5.9;5.8;5.8;5.7;5.6;5.7;5.7
50318;5.9;6.1;6.3;6.5;6.7;7.0;7.1;7.3;7.5;7.6;7.8;8.0;8.1
52621;5.8;5.6;5.6;5.7;6.0;6.4;6.8;7.0;7.1;7.1;7.1;7.1;7.1
13894;5.8;5.9;5.9;6.0;6.1;6.1;6.2;6.2;6.3;6.4;6.5;6.7;6.8
73352;5.8;5.8;5.9;6.0;6.1;6.3;6.4;6.5;6.6;6.7;6.7;6.7;6.7
15322;5.8;5.8;5.8;5.8;5.8;5.8;5.8;5.8;5.9;5.9;6.0;6.0;6.1
52540;5.8;5.9;5.9;6.0;6.1;6.1;6.2;6.2;6.0;5.8;5.6;5.6;5.5
47205;5.8;5.8;5.9;5.9;5.9;5.9;5.9;5.9;5.8;5.8;5.8;5.9;6.1
97001;5.8;6.1;6.4;6.9;7.4;8.3;9.5;10.9;12.4;13.9;15.4;16.8;17.6
25736;5.8;5.8;5.9;6.0;6.1;6.1;6.2;6.2;6.2;6.3;6.3;6.4;6.8
15480;5.8;5.7;5.7;5.7;5.6;5.6;5.5;5.4;5.3;5.2;5.0;4.8;4.8
8770;5.8;5.9;5.9;6.0;6.1;6.1;6.2;6.2;6.3;6.4;6.5;6.7;6.9
27450;5.7;5.9;6.1;6.2;6.3;6.2;6.1;6.0;5.9;5.8;5.9;6.0;6.0
54385;5.7;5.7;5.8;5.8;5.9;5.9;5.9;6.0;6.0;6.1;6.2;6.4;6.7
13458;5.7;5.7;5.9;6.2;6.8;7.5;8.1;8.5;8.8;9.0;9.1;9.2;9.6
15407;5.7;5.8;5.8;5.9;6.0;6.2;6.4;6.7;7.2;8.0;8.7;9.1;9.4
15842;5.7;5.7;5.6;5.5;5.3;4.9;4.6;4.5;4.5;4.4;4.3;4.2;4.2
5040;5.7;5.8;5.9;6.1;6.2;6.5;6.8;7.4;8.2;9.1;9.8;10.3;10.6
54174;5.7;5.7;5.8;5.9;5.9;6.0;6.0;6.1;6.1;6.2;6.3;6.5;6.8
27425;5.7;5.9;6.1;6.3;6.4;6.3;6.2;6.0;5.9;5.9;5.9;6.0;6.1
27075;5.7;6.0;6.2;6.5;6.6;6.4;6.1;5.8;5.7;5.6;5.7;5.7;5.8
52203;5.7;5.7;5.8;5.9;5.9;6.0;6.0;5.9;5.6;5.3;5.0;4.8;4.7
15755;5.7;5.7;5.6;5.6;5.6;5.5;5.4;5.3;5.0;4.6;4.2;4.1;4.1
76869;5.7;5.8;5.9;6.1;6.2;6.4;6.5;6.6;6.8;6.9;7.0;7.2;7.2
15599;5.7;5.7;5.6;5.6;5.5;5.4;5.4;5.4;5.5;5.5;5.5;5.6;5.6
70221;5.7;5.6;5.7;5.8;5.9;6.3;6.8;7.6;8.6;9.3;9.9;10.3;10.6
41797;5.7;5.8;5.8;5.9;5.9;5.9;6.0;6.0;6.0;6.0;6.0;6.0;6.1
25438;5.6;5.7;5.8;5.9;5.8;5.7;5.7;5.7;5.5;5.2;4.8;4.5;4.5
54660;5.6;5.7;5.8;5.8;5.9;5.9;5.9;5.9;5.8;5.7;5.7;5.7;5.9
25662;5.6;5.7;5.7;5.8;5.6;5.1;5.0;4.9;4.9;4.7;4.6;4.6;4.7
52473;5.6;5.5;5.5;5.6;5.6;5.7;5.8;5.9;6.0;6.3;6.6;6.8;6.9
5190;5.6;5.7;5.7;5.8;5.9;5.9;6.0;6.0;5.9;5.8;5.6;5.5;5.5
5480;5.6;5.7;5.7;5.8;5.9;6.0;6.2;6.5;6.9;7.3;7.6;7.9;8.0
68745;5.6;5.7;5.7;5.7;5.7;5.7;5.6;5.6;5.6;5.6;5.6;5.7;5.7
68669;5.6;5.6;5.6;5.7;5.7;5.7;5.7;5.6;5.5;5.3;5.0;4.9;4.9
25394;5.6;5.6;5.7;5.8;5.9;5.9;5.9;5.8;5.7;5.6;5.4;5.3;5.4
25123;5.6;5.6;5.7;5.7;5.7;5.5;5.4;5.5;5.5;5.5;5.6;5.6;5.8
50400;5.5;5.7;6.0;6.2;6.4;6.7;6.9;7.0;7.0;6.9;6.6;6.5;6.3
63302;5.5;5.5;5.5;5.5;5.5;5.5;5.4;5.2;5.0;4.6;4.4;4.2;4.2
15455;5.5;5.5;5.5;5.5;5.5;5.4;5.4;5.3;5.2;5.1;5.0;5.0;5.0
47605;5.5;5.7;5.8;5.9;6.0;6.0;6.1;6.1;6.2;6.2;6.3;6.4;6.6
68895;5.5;5.5;5.6;5.6;5.6;5.7;5.7;5.6;5.5;5.4;5.4;5.3;5.4
27430;5.5;5.6;5.8;6.0;6.3;6.9;7.4;7.7;7.9;8.1;8.3;8.5;8.7
15804;5.5;5.5;5.4;5.4;5.4;5.3;5.3;5.2;5.2;5.2;5.1;5.1;5.1
52885;5.5;5.5;5.5;5.6;5.8;5.9;6.0;6.1;6.1;6.1;6.1;6.2;6.2
47720;5.4;5.4;5.4;5.5;5.5;5.6;5.6;5.7;5.7;5.8;5.8;6.0;6.2
76243;5.4;5.5;5.5;5.6;5.7;5.7;5.7;5.7;5.6;5.4;5.1;5.0;4.9
25407;5.4;5.4;5.5;5.5;5.5;5.6;5.6;5.6;5.6;5.6;5.6;5.7;5.9
15542;5.4;5.4;5.3;5.3;5.3;5.2;5.2;5.0;4.7;4.4;4.0;3.9;3.8
41206;5.4;5.4;5.5;5.5;5.6;5.6;5.5;5.5;5.2;4.7;4.3;4.1;4.0
13440;5.4;5.5;5.5;5.6;5.7;5.8;5.9;6.0;6.1;6.1;6.0;6.0;6.1
76246;5.4;5.5;5.5;5.6;5.6;5.7;5.6;5.5;5.1;4.5;4.0;3.9;3.7
73520;5.4;5.4;5.4;5.4;5.4;5.4;5.4;5.4;5.4;5.5;5.5;5.5;5.5
25779;5.4;5.4;5.5;5.4;4.8;3.8;3.6;3.5;3.6;3.6;3.6;3.6;3.8
20310;5.3;5.4;5.5;5.5;5.5;5.2;4.6;3.7;3.0;2.7;2.5;2.5;2.5
13760;5.3;5.5;5.5;5.6;5.7;5.7;5.8;5.8;5.8;5.9;5.9;6.0;6.0
18610;5.3;5.5;5.6;5.7;5.9;6.0;6.2;6.4;6.5;6.7;7.0;7.2;7.3
5483;5.3;5.4;5.4;5.5;5.6;5.7;5.7;5.8;5.8;5.7;5.7;5.7;5.6
70110;5.3;5.3;5.4;5.4;5.5;5.5;5.5;5.6;5.6;5.7;5.8;5.9;6.0
25535;5.3;5.2;5.2;5.3;5.2;5.1;5.0;5.0;5.1;5.1;5.1;5.1;5.3
68773;5.3;5.3;5.3;5.3;5.3;5.3;5.3;5.2;5.0;4.6;4.2;4.1;4.0
76250;5.3;5.3;5.4;5.4;5.5;5.5;5.6;5.6;5.5;5.4;5.2;5.0;4.9
85263;5.2;5.5;5.7;5.8;6.0;6.1;6.3;6.4;6.5;6.6;6.7;6.7;6.8
50590;5.2;5.5;5.7;6.0;6.2;6.4;6.5;6.7;6.8;7.0;7.2;7.4;7.3
52573;5.2;5.3;5.3;5.4;5.4;5.5;5.6;5.6;5.5;5.2;5.0;4.8;4.8
15753;5.2;5.2;5.2;5.2;5.2;5.2;5.2;5.2;5.2;5.2;5.1;5.1;5.0
17867;5.2;5.2;5.2;5.2;5.3;5.3;5.3;5.3;5.4;5.5;5.6;5.7;5.8
54051;5.2;5.2;5.3;5.4;5.4;5.4;5.4;5.4;5.3;5.3;5.3;5.4;5.6
15814;5.2;5.2;5.2;5.2;5.2;5.2;5.2;5.1;5.1;5.0;5.0;4.9;5.0
5411;5.1;5.1;5.2;5.2;5.3;5.4;5.4;5.5;5.5;5.5;5.5;5.6;5.7
15837;5.1;5.1;5.0;5.0;5.0;4.9;4.9;4.8;4.8;4.7;4.7;4.7;4.7
70233;5.1;5.1;5.2;5.2;5.3;5.4;5.4;5.4;5.5;5.5;5.5;5.6;5.8
73026;5.1;5.1;5.1;5.0;5.0;5.0;5.0;5.0;5.0;4.9;4.9;4.9;4.9
27413;5.0;5.3;5.5;5.7;5.9;6.2;6.2;6.1;5.8;5.6;5.5;5.5;5.5
8849;5.0;5.1;5.2;5.3;5.4;5.6;5.9;6.2;6.4;6.6;6.7;6.9;7.2
52036;5.0;5.1;5.2;5.2;5.3;5.3;5.4;5.3;5.3;5.1;5.0;5.0;4.9
73347;5.0;5.0;5.0;5.0;5.0;5.0;4.9;4.9;4.7;4.5;4.3;4.1;4.1
5264;5.0;5.1;5.2;5.3;5.4;5.5;5.6;5.8;5.8;5.9;6.1;6.3;6.5
54223;5.0;5.1;5.1;5.2;5.2;5.3;5.2;5.2;4.9;4.7;4.5;4.6;4.7
41013;5.0;5.0;5.1;5.1;5.2;5.3;5.3;5.3;5.2;5.0;5.0;5.0;5.0
47960;5.0;5.0;5.1;5.2;5.2;5.3;5.3;5.3;5.4;5.4;5.5;5.6;5.8
85225;5.0;5.1;5.3;5.4;5.5;5.4;5.4;5.4;5.4;5.2;5.0;5.0;4.9
73563;5.0;5.0;5.0;5.0;5.0;5.0;5.0;5.0;5.0;4.9;4.8;4.8;4.8
15087;4.9;4.9;4.9;4.9;4.9;4.9;4.8;4.8;4.6;4.5;4.3;4.2;4.2
13062;4.9;4.9;4.9;4.9;4.9;4.9;4.8;4.7;4.7;4.6;4.6;4.7;4.8
52390;4.9;5.0;5.0;5.0;5.1;5.1;4.9;4.5;4.1;4.0;4.1;4.2;4.2
73226;4.9;4.9;4.9;4.9;4.9;4.9;4.9;4.9;4.9;4.9;4.9;4.9;4.8
47161;4.9;5.0;5.1;5.1;5.2;5.2;5.3;5.3;5.3;5.4;5.4;5.6;5.6
54344;4.9;5.0;5.0;5.1;5.2;5.2;5.2;5.3;5.3;5.4;5.4;5.6;5.8
50450;4.9;4.8;4.7;4.6;4.4;4.4;4.4;4.4;4.4;4.5;4.6;4.7;4.8
18756;4.9;5.0;5.1;5.3;5.5;5.6;5.8;5.9;6.0;6.1;6.2;6.3;6.4
25658;4.9;5.0;5.0;5.1;5.2;5.2;5.3;5.4;5.5;5.6;5.8;6.1;6.4
25154;4.9;4.9;5.0;5.0;5.0;5.0;5.0;4.8;4.6;4.4;4.3;4.3;4.4
47675;4.9;4.9;5.0;5.1;5.2;5.6;5.8;5.8;5.9;5.9;5.9;6.0;6.2
25178;4.9;4.9;5.0;5.0;5.0;4.9;4.9;5.0;5.0;5.1;5.2;5.3;5.5
25612;4.9;5.0;5.1;5.2;5.4;5.6;5.7;6.0;6.3;6.6;7.0;7.3;7.7
25372;4.8;4.9;4.9;4.9;4.5;3.7;3.4;3.3;3.3;3.3;3.3;3.3;3.3
17442;4.8;4.8;4.8;4.8;4.8;4.7;4.7;4.7;4.8;4.8;4.9;5.0;5.1
73148;4.8;4.8;4.8;4.8;4.8;4.8;4.8;4.9;5.0;5.2;5.5;5.7;5.8
41801;4.8;4.8;4.9;4.9;4.9;4.9;4.9;4.9;4.8;4.7;4.6;4.5;4.5
15763;4.8;4.8;4.7;4.7;4.7;4.6;4.6;4.6;4.6;4.6;4.5;4.6;4.6
52506;4.8;4.8;4.9;4.9;5.0;5.0;5.0;4.9;4.6;4.3;4.1;4.0;4.0
54553;4.8;4.8;4.7;4.7;4.6;4.6;4.6;4.5;4.5;4.5;4.6;4.8;5.0
52224;4.8;4.9;5.0;5.1;5.2;5.3;5.3;5.3;5.2;5.2;5.2;5.2;5.2
66383;4.8;4.8;4.8;4.8;4.7;4.5;4.4;4.4;4.4;4.3;4.3;4.2;4.2
19513;4.8;4.8;4.9;5.0;5.0;5.1;5.2;5.2;5.3;5.4;5.5;5.6;5.6
52435;4.8;4.8;4.9;4.9;5.0;5.0;5.1;5.1;5.1;5.1;5.0;5.1;5.0
73200;4.8;4.7;4.7;4.7;4.7;4.6;4.6;4.6;4.7;4.7;4.6;4.6;4.7
5576;4.8;4.8;4.9;4.9;4.9;5.0;5.0;5.0;4.9;4.9;4.8;4.9;4.9
27073;4.7;4.9;5.1;5.2;5.4;5.5;5.6;5.7;5.8;5.9;6.1;6.2;6.3
50370;4.7;4.8;4.9;5.1;5.3;5.4;5.4;5.4;5.2;5.1;5.1;5.2;5.3
47541;4.7;4.8;4.9;4.9;4.9;5.0;5.0;5.0;5.1;5.1;5.1;5.2;5.2
25845;4.7;4.8;4.8;4.9;5.0;5.0;5.0;4.9;4.5;4.1;3.9;3.9;4.0
25596;4.7;4.7;4.7;4.7;4.4;3.9;3.6;3.6;3.6;3.6;3.5;3.5;3.6
68051;4.6;4.6;4.7;4.7;4.7;4.6;4.6;4.6;4.6;4.6;4.6;4.6;4.7
52352;4.6;4.7;4.7;4.8;4.8;4.8;4.7;4.6;4.4;4.4;4.3;4.3;4.3
5628;4.6;4.7;4.7;4.8;4.8;4.9;4.9;5.0;5.0;5.0;5.0;5.1;5.2
76863;4.6;4.7;4.7;4.8;4.8;4.9;4.9;4.9;4.8;4.6;4.3;4.1;4.0
5107;4.6;4.7;4.7;4.7;4.7;4.5;4.4;4.4;4.4;4.4;4.5;4.5;4.5
85230;4.6;4.8;4.9;5.1;5.2;5.3;5.5;5.9;6.2;6.5;6.7;7.0;7.1
27250;4.6;4.8;5.0;5.4;5.8;6.4;7.3;8.5;9.6;10.7;11.6;12.2;12.5
41885;4.6;4.6;4.6;4.6;4.6;4.4;4.3;4.3;4.3;4.3;4.3;4.4;4.4
52354;4.6;4.7;4.7;4.8;4.8;4.9;4.9;4.9;4.8;4.6;4.4;4.3;4.2
25099;4.6;4.6;4.6;4.7;4.8;4.9;4.9;5.0;5.1;5.3;5.4;5.6;5.9
85325;4.5;4.7;4.8;5.0;5.1;5.2;5.2;5.2;5.1;4.8;4.7;4.8;4.7
19785;4.5;4.6;4.7;4.8;4.8;4.9;5.0;5.1;5.2;5.2;5.3;5.3;5.4
25599;4.5;4.5;4.6;4.7;4.7;4.8;4.8;4.8;4.8;4.7;4.6;4.6;4.8
15681;4.5;4.3;4.3;4.2;4.2;4.1;4.0;4.0;3.9;3.8;3.8;3.7;3.8
13248;4.5;4.5;4.6;4.7;4.7;4.8;4.9;4.9;4.9;4.9;4.8;4.9;5.0
52051;4.5;4.6;4.6;4.7;4.7;4.8;4.8;4.8;4.8;4.7;4.7;4.8;4.7
73270;4.5;4.5;4.5;4.5;4.5;4.5;4.5;4.5;4.5;4.4;4.4;4.3;4.2
15686;4.5;4.4;4.4;4.4;4.4;4.4;4.3;4.3;4.3;4.3;4.3;4.3;4.3
13268;4.5;4.5;4.6;4.6;4.6;4.7;4.7;4.6;4.5;4.4;4.3;4.3;4.4
15442;4.4;4.4;4.4;4.4;4.3;4.2;4.1;4.0;3.8;3.5;3.3;3.2;3.2
13160;4.4;4.5;4.5;4.6;4.6;4.7;4.6;4.6;4.6;4.6;4.6;4.6;4.8
5036;4.4;4.5;4.5;4.5;4.1;3.4;3.2;3.2;3.2;3.2;3.2;3.2;3.3
25797;4.4;4.5;4.5;4.5;4.5;4.5;4.5;4.5;4.6;4.7;5.0;5.4;5.7
50150;4.4;4.6;4.8;4.9;5.1;5.3;5.5;5.8;6.1;6.6;7.3;8.1;8.6
73236;4.4;4.6;4.7;4.7;4.7;4.7;4.7;4.7;4.7;4.7;4.7;4.7;4.6
15757;4.4;4.4;4.4;4.4;4.4;4.4;4.4;4.4;4.4;4.4;4.4;4.5;4.5
13655;4.4;4.5;4.6;4.6;4.8;5.0;5.2;5.3;5.4;5.5;5.5;5.6;5.8
20443;4.4;4.5;4.6;4.7;4.8;4.9;5.0;5.1;5.2;5.3;5.4;5.7;5.9
5425;4.4;4.4;4.5;4.5;4.5;4.5;4.5;4.5;4.5;4.6;4.6;4.6;4.6
15740;4.4;4.3;4.3;4.3;4.2;4.2;4.1;4.0;4.0;3.9;3.8;3.8;3.8
73030;4.3;4.3;4.3;4.3;4.3;4.3;4.3;4.2;4.1;4.0;3.8;3.8;3.7
52720;4.3;4.4;4.4;4.5;4.5;4.6;4.6;4.6;4.5;4.3;4.2;4.1;4.1
5467;4.3;4.4;4.4;4.5;4.4;4.4;4.3;4.2;4.0;3.8;3.7;3.8;3.7
41872;4.3;4.3;4.4;4.4;4.4;4.4;4.4;4.4;4.4;4.3;4.2;4.1;4.1
5125;4.3;4.3;4.4;4.4;4.5;4.5;4.6;4.6;4.6;4.6;4.6;4.7;4.7
25793;4.3;4.3;4.3;4.4;4.4;4.5;4.5;4.5;4.5;4.5;4.5;4.5;4.7
5842;4.2;4.3;4.3;4.4;4.2;3.9;3.8;3.8;3.8;3.8;3.8;3.9;3.9
50683;4.2;4.4;4.5;4.6;4.8;5.0;5.1;5.2;5.2;5.3;5.2;5.1;5.0
15367;4.2;4.2;4.2;4.2;4.1;4.1;4.1;4.0;4.0;4.0;4.0;4.1;4.1
68079;4.2;4.2;4.2;4.3;4.3;4.3;4.4;4.7;5.0;5.4;5.7;5.9;6.0
70204;4.2;4.3;4.4;4.5;4.5;4.5;4.6;4.6;4.7;4.7;4.8;4.9;4.9
13042;4.2;4.2;4.3;4.3;4.3;4.3;4.2;4.2;4.1;4.1;4.1;4.1;4.3
63690;4.2;4.2;4.2;4.2;4.2;4.2;4.2;4.4;4.6;4.9;5.1;5.2;5.3
18460;4.2;4.3;4.4;4.5;4.6;4.7;4.8;4.9;5.0;5.1;5.3;5.5;5.5
50680;4.2;4.3;4.5;4.6;4.8;5.0;5.2;5.4;5.7;6.2;6.6;6.9;7.1
5792;4.2;4.2;4.3;4.3;4.3;4.3;4.2;4.2;3.9;3.7;3.5;3.5;3.5
52210;4.1;4.2;4.3;4.3;4.3;4.1;4.1;4.1;4.1;4.1;4.1;4.1;4.1
18785;4.1;4.2;4.1;4.0;3.8;3.6;3.5;3.4;3.4;3.4;3.4;3.5;3.5
68872;4.1;4.2;4.2;4.3;4.3;4.3;4.4;4.4;4.4;4.4;4.4;4.4;4.5
27245;4.1;4.1;4.1;4.2;4.2;4.2;4.3;4.3;4.4;4.4;4.5;4.6;4.6
15835;4.1;4.1;4.0;4.0;4.0;3.9;3.8;3.7;3.6;3.5;3.5;3.4;3.5
5390;4.1;4.1;4.2;4.2;4.3;4.3;4.4;4.4;4.5;4.5;4.5;4.6;4.7
54313;4.1;4.2;4.2;4.3;4.3;4.4;4.4;4.4;4.3;4.1;4.0;4.1;4.2
50330;4.1;4.5;4.7;4.9;5.1;5.4;5.5;5.7;5.8;5.9;6.1;6.3;6.0
25530;4.1;4.1;4.1;4.2;4.3;4.3;4.4;4.4;4.5;4.6;4.6;4.7;4.9
85400;4.0;4.2;4.3;4.4;4.5;4.6;4.7;4.7;4.6;4.3;4.0;3.9;3.8
68377;4.0;4.0;4.1;4.1;4.1;4.0;4.0;3.9;3.9;3.7;3.6;3.5;3.5
25398;4.0;4.1;4.1;4.1;3.9;3.5;3.4;3.3;3.4;3.3;3.3;3.3;3.4
86760;4.0;4.2;4.4;4.5;4.6;4.6;4.5;4.3;4.0;4.0;4.0;4.1;4.1
68318;4.0;4.0;4.0;4.1;4.0;3.8;3.7;3.7;3.6;3.5;3.4;3.3;3.3
5543;4.0;4.0;4.1;4.1;4.2;4.3;4.3;4.4;4.4;4.4;4.5;4.6;4.6
25224;4.0;4.1;4.1;4.1;4.1;4.0;4.0;4.0;4.0;4.1;4.1;4.3;4.5
5055;4.0;4.0;4.1;4.2;4.2;4.3;4.3;4.4;4.4;4.4;4.3;4.3;4.3
54099;4.0;4.0;4.1;4.1;4.2;4.2;4.2;4.3;4.3;4.3;4.4;4.6;4.8
25862;4.0;4.0;4.0;4.0;4.0;3.9;3.9;3.9;3.9;3.9;3.8;3.9;3.9
25312;4.0;4.0;4.1;4.1;4.1;4.0;4.0;4.0;4.0;4.0;4.0;4.0;4.3
52254;4.0;4.0;4.1;4.1;4.2;4.2;4.3;4.3;4.2;4.2;4.2;4.2;4.2
18205;4.0;4.0;4.0;4.0;4.0;4.0;4.0;4.1;4.1;4.1;4.2;4.3;4.3
25426;4.0;4.0;4.0;4.1;4.1;4.0;4.0;3.9;3.8;3.7;3.5;3.5;3.5
73152;4.0;4.0;4.0;3.9;3.8;3.7;3.6;3.6;3.6;3.6;3.6;3.6;3.6
52287;3.9;4.0;4.0;4.1;4.1;4.2;4.2;4.3;4.3;4.2;4.1;4.1;4.0
27495;3.9;4.1;4.2;4.4;4.5;4.7;5.1;6.3;7.6;8.5;8.9;9.1;9.3
52022;3.9;4.0;4.0;4.0;4.1;4.1;4.1;4.2;4.1;4.1;4.1;4.2;4.2
68820;3.9;3.9;3.9;3.9;3.9;3.9;3.9;3.9;3.9;4.0;4.0;4.2;4.3
5113;3.9;4.0;4.0;4.1;4.2;4.3;4.4;4.5;4.6;4.8;5.0;5.3;5.4
25281;3.9;3.9;4.0;3.9;3.8;3.4;3.3;3.3;3.3;3.2;3.2;3.3;3.3
15790;3.9;3.8;3.8;3.8;3.8;3.8;3.7;3.6;3.5;3.4;3.3;3.3;3.3
68573;3.9;3.9;3.9;3.9;3.8;3.7;3.6;3.7;3.8;4.0;4.2;4.3;4.4
41349;3.8;3.9;3.9;3.9;4.0;4.0;4.0;4.0;4.0;4.1;4.1;4.1;4.1
63548;3.8;3.8;3.8;3.8;3.8;3.8;3.7;3.7;3.6;3.3;3.1;2.9;2.9
66075;3.8;3.9;3.9;3.9;3.8;3.7;3.6;3.6;3.6;3.6;3.6;3.6;3.6
5347;3.8;3.9;3.9;3.9;3.9;3.7;3.6;3.5;3.4;3.3;3.1;3.1;3.0
25594;3.8;3.8;3.9;3.8;3.6;3.1;2.9;2.8;2.8;2.8;2.8;2.9;2.9
44110;3.8;3.9;4.0;4.1;4.2;4.3;4.3;4.4;4.4;4.3;4.1;4.0;4.3
15223;3.8;3.8;3.8;3.8;3.8;3.8;3.9;4.1;4.5;5.1;5.5;5.8;6.0
15097;3.8;3.7;3.7;3.7;3.7;3.7;3.6;3.6;3.5;3.3;3.1;2.9;2.8
18860;3.7;3.8;3.8;3.9;4.0;4.1;4.1;4.1;4.1;3.9;3.9;3.9;3.9
25841;3.7;3.7;3.8;3.8;3.8;3.8;3.8;3.8;3.8;3.8;3.8;3.8;3.9
5044;3.7;3.7;3.7;3.8;3.8;3.8;3.8;3.9;3.9;3.9;3.9;3.9;4.0
17388;3.7;3.7;3.7;3.7;3.7;3.7;3.6;3.6;3.6;3.5;3.4;3.4;3.3
68162;3.7;3.8;3.8;3.8;3.9;3.9;3.9;3.9;3.9;3.8;3.8;3.8;3.9
68271;3.7;3.7;3.7;3.7;3.7;3.6;3.6;3.6;3.5;3.3;3.2;3.1;3.1
5885;3.7;3.7;3.8;3.8;3.9;4.0;4.0;4.1;4.1;4.2;4.2;4.3;4.3
15185;3.7;3.7;3.6;3.6;3.6;3.6;3.5;3.5;3.4;3.4;3.3;3.3;3.3
54398;3.7;3.8;3.8;3.9;3.9;3.9;3.9;4.0;4.0;4.1;4.1;4.3;4.4
52694;3.7;3.7;3.7;3.7;3.8;3.8;3.9;3.9;3.8;3.8;3.8;3.9;3.8
73686;3.7;3.7;3.7;3.7;3.6;3.7;3.6;3.6;3.5;3.4;3.3;3.3;3.2
5856;3.7;3.7;3.8;3.8;3.8;3.9;3.9;3.9;3.9;3.8;3.7;3.7;3.6
15272;3.7;3.7;3.7;3.6;3.6;3.6;3.6;3.6;3.6;3.7;3.7;3.8;3.8
13620;3.7;3.7;3.7;3.8;3.8;3.9;4.0;4.1;4.2;4.3;4.4;4.5;4.7
15667;3.7;3.7;3.6;3.6;3.6;3.6;3.5;3.5;3.3;3.2;3.1;3.1;3.1
17495;3.7;3.6;3.6;3.6;3.6;3.4;3.3;3.3;3.3;3.4;3.4;3.4;3.4
95200;3.6;4.0;4.3;4.6;4.3;3.2;2.8;2.9;3.1;3.3;3.5;3.8;3.9
52233;3.6;3.7;3.7;3.8;3.8;3.9;3.9;3.9;3.8;3.6;3.5;3.4;3.3
68217;3.6;3.6;3.6;3.6;3.6;3.6;3.6;3.5;3.3;3.1;2.9;2.8;2.8
27580;3.6;3.7;3.7;3.7;3.5;3.2;3.0;2.9;2.9;3.0;3.0;3.1;3.1
68147;3.6;3.6;3.6;3.6;3.6;3.7;3.7;3.6;3.6;3.4;3.2;3.1;3.1
50251;3.6;3.7;3.9;4.0;4.2;4.4;4.5;4.6;4.7;4.7;4.6;4.5;4.3
27491;3.5;3.7;3.8;4.0;4.1;4.2;4.3;4.5;4.9;5.1;5.2;5.2;5.1
15580;3.5;3.4;3.3;3.3;3.2;3.0;2.9;2.9;2.9;2.8;2.8;2.8;2.8
54377;3.5;3.5;3.6;3.6;3.7;3.7;3.7;3.7;3.6;3.5;3.5;3.5;3.6
15325;3.5;3.5;3.5;3.4;3.4;3.3;3.2;2.8;2.4;2.1;1.9;1.9;1.9
25019;3.5;3.5;3.6;3.6;3.6;3.5;3.4;3.5;3.5;3.5;3.5;3.6;3.7
5647;3.5;3.6;3.7;3.8;3.9;3.9;3.9;4.0;4.0;4.0;4.0;4.1;4.1
73854;3.5;3.5;3.4;3.4;3.4;3.2;3.2;3.1;3.1;3.0;3.0;3.0;3.0
41483;3.5;3.5;3.5;3.5;3.6;3.7;3.8;3.8;3.8;3.7;3.7;3.6;3.7
15764;3.4;3.5;3.5;3.5;3.5;3.5;3.5;3.5;3.4;3.4;3.4;3.4;3.4
5321;3.4;3.5;3.6;3.6;3.7;3.8;3.9;4.0;4.2;4.4;4.6;4.7;4.8
19290;3.4;3.4;3.4;3.4;3.3;3.2;3.0;2.9;2.9;2.9;2.9;2.9;3.0
86755;3.4;3.5;3.6;3.7;3.8;3.8;3.8;3.7;3.5;3.4;3.2;3.2;3.1
18029;3.4;3.5;3.6;3.7;3.8;3.9;3.9;3.8;3.6;3.3;2.9;2.6;2.5
76054;3.4;3.4;3.5;3.5;3.5;3.6;3.6;3.6;3.5;3.4;3.2;3.0;3.0
86571;3.4;3.6;3.8;4.2;4.9;6.4;8.9;12.2;15.3;17.4;18.8;19.9;20.3
15476;3.4;3.4;3.4;3.3;3.3;3.3;3.3;3.2;3.2;3.2;3.1;3.1;3.2
68207;3.4;3.4;3.4;3.5;3.5;3.5;3.5;3.5;3.5;3.4;3.3;3.2;3.2
73873;3.4;3.4;3.4;3.4;3.4;3.4;3.4;3.4;3.3;3.2;3.0;2.9;2.8
25293;3.4;3.4;3.5;3.5;3.6;3.6;3.6;3.5;3.4;3.0;2.7;2.5;2.5
68444;3.4;3.4;3.4;3.4;3.3;3.0;2.8;2.8;2.8;2.8;2.8;2.8;2.8
25326;3.4;3.4;3.5;3.5;3.5;3.5;3.5;3.5;3.5;3.5;3.5;3.6;3.7
5315;3.4;3.4;3.4;3.4;3.5;3.5;3.6;3.6;3.6;3.6;3.6;3.7;3.7
15776;3.4;3.4;3.4;3.4;3.4;3.4;3.4;3.4;3.4;3.4;3.4;3.4;3.5
15494;3.3;3.3;3.3;3.3;3.2;3.1;3.1;3.1;3.0;3.0;2.9;2.9;2.9
27810;3.3;3.4;3.4;3.4;3.4;3.4;3.4;3.4;3.5;3.6;3.7;3.8;3.9
15109;3.3;3.3;3.3;3.3;3.2;3.2;3.1;3.0;2.9;2.7;2.5;2.5;2.5
27160;3.3;3.3;3.4;3.4;3.3;3.1;3.0;3.0;3.1;3.1;3.1;3.2;3.2
52323;3.3;3.4;3.4;3.4;3.5;3.5;3.6;3.8;3.9;3.9;4.0;4.0;4.0
52083;3.3;3.4;3.4;3.5;3.5;3.6;3.6;3.6;3.5;3.5;3.5;3.6;3.6
91540;3.3;3.4;3.6;3.8;3.9;4.1;4.3;4.5;4.8;5.0;5.2;5.5;5.6
25489;3.3;3.3;3.4;3.3;2.9;2.2;2.0;2.0;2.0;2.0;2.0;2.0;2.1
54599;3.3;3.3;3.3;3.3;3.3;3.3;3.3;3.3;3.3;3.3;3.2;3.3;3.5
5086;3.3;3.3;3.3;3.3;3.3;3.3;3.3;3.3;3.3;3.3;3.3;3.4;3.4
68502;3.3;3.3;3.3;3.3;3.3;3.3;3.2;3.2;3.0;2.8;2.5;2.4;2.3
41518;3.3;3.3;3.4;3.4;3.5;3.6;3.7;3.7;3.7;3.7;3.7;3.7;3.7
15664;3.2;3.2;3.2;3.2;3.2;3.1;3.1;3.0;3.0;2.9;2.8;2.8;2.8
27050;3.2;3.3;3.4;3.4;3.3;3.2;3.1;3.1;3.1;3.2;3.3;3.4;3.5
15822;3.2;3.2;3.2;3.2;3.1;3.1;3.1;3.1;3.0;3.0;2.9;2.9;2.9
68397;3.2;3.2;3.2;3.2;3.2;3.2;3.2;3.1;3.1;3.0;2.8;2.8;2.8
68320;3.2;3.2;3.2;3.2;3.2;3.2;3.2;3.2;3.1;2.8;2.6;2.5;2.5
25491;3.2;3.2;3.3;3.3;3.2;3.1;3.1;3.1;3.2;3.2;3.3;3.4;3.6
50223;3.2;3.3;3.4;3.5;3.7;3.8;3.9;4.0;3.9;3.9;3.9;3.9;4.0
73547;3.2;3.2;3.2;3.3;3.3;3.3;3.4;3.5;3.6;3.7;3.7;3.8;3.8
25518;3.2;3.2;3.2;3.2;3.0;2.6;2.4;2.4;2.4;2.4;2.3;2.4;2.4
5873;3.1;3.2;3.3;3.4;3.4;3.5;3.6;3.8;4.1;4.4;4.8;5.1;5.2
63212;3.1;3.2;3.2;3.2;3.2;3.2;3.2;3.2;3.2;3.2;3.2;3.2;3.2
68468;3.1;3.2;3.2;3.2;3.2;3.1;3.1;3.0;2.8;2.6;2.4;2.3;2.3
15244;3.1;3.1;3.1;3.1;3.1;3.1;3.0;3.0;2.9;2.7;2.5;2.4;2.3
5145;3.1;3.2;3.2;3.2;3.3;3.3;3.3;3.3;3.1;2.9;2.7;2.7;2.6
73622;3.1;3.1;3.1;3.1;3.1;3.1;3.1;3.1;3.1;3.1;3.1;3.1;3.1
54743;3.1;3.1;3.2;3.2;3.2;3.2;3.2;3.2;3.2;3.3;3.3;3.5;3.6
76845;3.1;3.1;3.2;3.2;3.3;3.3;3.3;3.2;3.1;3.1;3.0;3.1;3.0
68092;3.1;3.1;3.1;3.1;3.2;3.2;3.2;3.2;3.3;3.3;3.3;3.3;3.4
54109;3.1;3.2;3.2;3.3;3.3;3.3;3.3;3.3;3.3;3.3;3.4;3.5;3.6
68250;3.1;3.1;3.1;3.1;3.0;3.0;3.0;3.0;3.0;3.0;3.0;3.0;3.0
68855;3.1;3.1;3.1;3.1;3.2;3.2;3.2;3.2;3.3;3.3;3.3;3.4;3.5
15377;3.0;3.0;3.0;3.0;3.0;2.9;2.9;2.8;2.6;2.3;2.1;2.0;2.0
5652;3.0;3.0;3.0;3.0;3.1;3.1;3.1;3.1;3.1;3.1;3.1;3.2;3.3
25653;3.0;3.1;3.1;3.1;3.1;3.0;3.0;3.0;2.9;2.8;2.8;2.7;2.8
54871;3.0;3.1;3.1;3.1;3.2;3.2;3.2;3.1;3.0;2.9;2.8;2.8;2.9
17665;3.0;3.0;3.0;2.9;2.9;2.8;2.7;2.7;2.7;2.8;2.7;2.7;2.7
15180;3.0;3.0;3.0;3.0;2.9;2.9;2.9;2.8;2.7;2.5;2.3;2.3;2.2
15051;3.0;3.0;3.0;3.0;3.1;3.1;3.1;3.1;3.1;3.2;3.2;3.3;3.3
5819;3.0;3.0;3.1;3.1;3.0;2.8;2.7;2.7;2.7;2.7;2.8;2.8;2.8
15232;3.0;2.9;2.9;2.9;2.9;2.8;2.8;2.8;2.8;2.7;2.7;2.6;2.7
5059;3.0;3.0;3.1;3.1;3.1;3.0;3.0;3.0;3.0;2.9;2.9;2.9;2.9
15464;3.0;3.0;3.0;3.0;2.9;2.9;2.9;2.8;2.7;2.7;2.6;2.6;2.6
15189;3.0;3.0;2.9;2.9;2.9;2.8;2.8;2.7;2.7;2.7;2.6;2.6;2.6
68152;3.0;3.0;3.0;3.0;3.0;3.0;3.0;2.9;2.8;2.6;2.5;2.4;2.4
15537;3.0;3.0;3.0;3.0;2.9;2.9;2.9;2.9;2.8;2.7;2.5;2.4;2.4
8549;2.9;3.0;3.0;3.1;3.1;3.2;3.3;3.4;3.4;3.5;3.6;3.7;3.9
68179;2.9;2.9;3.0;3.0;3.0;3.0;3.0;3.0;2.9;2.9;2.9;2.9;2.9
99524;2.9;3.3;3.6;3.9;4.2;4.5;4.9;5.2;5.5;5.7;5.8;5.7;5.5
25898;2.9;3.0;3.0;3.0;2.9;2.7;2.6;2.6;2.6;2.6;2.6;2.6;2.7
73024;2.9;2.9;2.9;2.9;2.9;2.9;2.9;2.9;2.9;2.7;2.6;2.6;2.5
15897;2.9;2.9;2.9;2.9;2.8;2.8;2.8;2.8;2.7;2.7;2.6;2.6;2.6
15816;2.9;2.8;2.8;2.8;2.7;2.7;2.6;2.6;2.6;2.5;2.5;2.4;2.4
19701;2.9;2.9;2.8;2.9;2.9;2.9;2.9;2.9;3.0;3.0;3.0;3.0;3.0
15104;2.9;2.9;2.9;2.9;2.9;2.9;2.9;2.9;2.9;2.9;2.9;2.9;2.9
68498;2.9;2.9;2.9;2.9;2.9;2.9;3.0;3.0;3.0;3.1;3.1;3.2;3.2
25524;2.8;2.8;2.8;2.9;2.9;2.8;2.8;2.8;2.8;2.8;2.8;2.8;2.9
25258;2.8;2.9;2.9;2.9;2.9;2.9;2.9;2.9;2.8;2.7;2.6;2.6;2.7
25288;2.8;2.8;2.9;2.9;2.9;2.9;2.9;2.9;2.8;2.8;2.8;2.8;2.8
25777;2.8;2.9;2.9;2.9;2.9;2.9;2.9;2.9;2.9;2.9;2.9;2.9;3.0
15296;2.8;2.8;2.8;2.8;2.8;2.8;2.8;2.9;2.8;2.8;2.7;2.7;2.7
5353;2.8;2.9;2.9;2.9;3.0;3.0;3.0;3.0;3.0;3.0;3.0;3.1;3.1
15466;2.8;2.8;2.8;2.8;2.8;2.8;2.8;2.7;2.7;2.6;2.5;2.4;2.4
15332;2.8;2.7;2.7;2.6;2.6;2.6;2.6;2.6;2.5;2.5;2.4;2.4;2.4
68684;2.8;2.8;2.8;2.8;2.8;2.8;2.7;2.7;2.7;2.6;2.5;2.5;2.4
25335;2.8;2.8;2.8;2.9;2.9;2.9;3.0;3.0;3.1;3.2;3.4;3.5;3.7
25781;2.8;2.8;2.8;2.9;2.9;2.9;2.9;3.0;3.0;3.1;3.2;3.3;3.5
5142;2.7;2.8;2.8;2.8;2.9;2.9;2.9;2.9;2.9;2.8;2.6;2.6;2.6
25823;2.7;2.8;2.8;2.8;2.7;2.5;2.4;2.4;2.3;2.3;2.3;2.3;2.4
27600;2.7;2.5;2.3;2.2;2.1;2.1;2.2;2.8;3.7;4.3;4.5;4.6;4.7
54673;2.7;2.8;2.8;2.9;2.9;2.9;3.0;3.0;3.1;3.3;3.6;3.9;4.2
27135;2.7;2.8;2.8;2.9;2.9;2.9;2.9;3.0;3.1;3.2;3.4;3.4;3.5
15368;2.7;2.7;2.7;2.8;2.8;2.8;2.7;2.7;2.6;2.4;2.3;2.2;2.2
54347;2.7;2.7;2.8;2.8;2.8;2.8;2.8;2.9;3.1;3.3;3.5;3.8;4.0
15778;2.7;2.7;2.7;2.7;2.6;2.6;2.6;2.5;2.5;2.5;2.4;2.4;2.4
15425;2.7;2.7;2.7;2.7;2.6;2.6;2.6;2.6;2.7;2.7;2.8;2.8;2.8
52385;2.7;2.8;2.9;2.9;2.9;3.0;3.1;3.3;3.5;3.6;3.6;3.7;3.7
54520;2.7;2.7;2.7;2.7;2.8;2.8;2.8;2.8;2.8;2.9;2.9;3.0;3.2
27150;2.7;2.8;3.0;3.2;3.7;4.6;5.7;6.9;8.1;9.1;9.8;10.4;10.7
25120;2.7;2.7;2.7;2.7;2.7;2.7;2.6;2.6;2.7;2.7;2.6;2.7;2.8
52480;2.6;2.7;2.7;2.7;2.7;2.6;2.6;2.5;2.5;2.4;2.5;2.5;2.5
15673;2.6;2.6;2.6;2.6;2.6;2.6;2.5;2.5;2.4;2.2;2.0;1.9;1.8
50350;2.6;2.7;2.8;2.9;3.2;3.7;5.1;7.7;10.7;13.0;14.3;15.1;15.5
15798;2.6;2.6;2.6;2.6;2.5;2.5;2.4;2.4;2.3;2.3;2.2;2.2;2.2
25592;2.6;2.6;2.7;2.7;2.7;2.7;2.7;2.7;2.7;2.7;2.7;2.7;2.7
15690;2.6;2.6;2.6;2.6;2.6;2.6;2.6;2.5;2.4;2.3;2.1;2.0;2.0
25436;2.6;2.7;2.7;2.7;2.5;2.2;2.1;2.1;2.1;2.1;2.1;2.1;2.1
5206;2.6;2.6;2.7;2.7;2.7;2.8;2.8;2.8;2.8;2.8;2.7;2.7;2.7
27660;2.6;2.7;2.8;2.9;3.0;3.0;3.1;3.1;3.1;3.0;2.9;2.9;2.8
95015;2.6;2.6;2.7;2.9;3.1;3.3;3.5;3.7;4.1;4.5;4.9;5.4;5.5
41078;2.6;2.6;2.6;2.7;2.9;3.8;4.6;4.8;4.8;4.8;4.7;4.7;4.7
15187;2.6;2.5;2.5;2.4;2.2;1.8;1.7;1.7;1.6;1.6;1.6;1.6;1.6
13580;2.6;2.6;2.6;2.6;2.6;2.6;2.6;2.8;3.0;3.4;3.6;3.8;3.9
73770;2.5;2.5;2.5;2.5;2.5;2.3;2.3;2.3;2.2;2.2;2.2;2.1;2.1
68324;2.5;2.6;2.6;2.6;2.6;2.6;2.6;2.6;2.6;2.5;2.4;2.4;2.4
68720;2.5;2.6;2.6;2.6;2.6;2.6;2.6;2.5;2.3;2.1;1.9;1.9;1.9
68327;2.5;2.6;2.6;2.7;2.7;2.8;2.8;2.8;2.8;2.8;2.8;2.9;2.9
54239;2.5;2.5;2.6;2.6;2.6;2.6;2.5;2.5;2.5;2.5;2.5;2.6;2.6
25851;2.5;2.6;2.6;2.6;2.6;2.6;2.6;2.7;2.6;2.6;2.4;2.4;2.4
25805;2.5;2.5;2.5;2.5;2.5;2.5;2.5;2.5;2.5;2.5;2.4;2.4;2.5
5306;2.5;2.5;2.6;2.7;2.7;2.8;2.8;2.9;2.9;3.0;3.0;3.1;3.2
15162;2.5;2.5;2.4;2.4;2.4;2.4;2.4;2.3;2.3;2.2;2.1;2.1;2.1
15224;2.4;2.4;2.4;2.4;2.3;2.3;2.2;2.2;2.2;2.1;2.1;2.1;2.1
86219;2.4;2.5;2.6;2.6;2.7;2.7;2.8;2.8;2.8;2.9;3.0;3.0;3.1
73461;2.4;2.3;2.3;2.3;2.3;2.3;2.3;2.3;2.3;2.3;2.3;2.3;2.3
88564;2.4;2.4;2.4;2.5;2.6;3.0;3.3;3.4;3.4;3.4;3.4;3.4;3.5
25867;2.4;2.4;2.4;2.4;2.4;2.4;2.4;2.4;2.4;2.4;2.4;2.4;2.5
15212;2.4;2.4;2.3;2.3;2.3;2.3;2.3;2.2;2.2;2.2;2.1;2.0;2.0
68211;2.4;2.4;2.4;2.4;2.4;2.4;2.4;2.4;2.4;2.3;2.1;2.1;2.1
70230;2.3;2.4;2.4;2.4;2.4;2.4;2.5;2.5;2.5;2.5;2.5;2.5;2.6
15676;2.3;2.3;2.3;2.2;2.1;2.0;1.8;1.8;1.8;1.8;1.7;1.7;1.7
25168;2.3;2.3;2.3;2.4;2.4;2.3;2.3;2.3;2.3;2.3;2.3;2.4;2.4
68266;2.3;2.3;2.3;2.3;2.3;2.4;2.4;2.3;2.3;2.1;2.0;1.9;1.9
15135;2.3;2.3;2.3;2.2;2.2;2.2;2.1;2.1;2.0;1.9;1.8;1.8;1.7
15248;2.3;2.3;2.3;2.2;2.2;2.2;2.2;2.1;1.9;1.8;1.7;1.7;1.7
68020;2.3;2.3;2.2;2.3;2.3;2.3;2.3;2.3;2.3;2.3;2.3;2.3;2.4
5150;2.3;2.3;2.3;2.3;2.4;2.4;2.4;2.4;2.4;2.3;2.3;2.2;2.2
15638;2.3;2.3;2.3;2.4;2.4;2.4;2.5;2.6;2.7;2.9;3.0;3.1;3.1
68298;2.3;2.3;2.3;2.3;2.3;2.3;2.3;2.3;2.3;2.3;2.3;2.3;2.3
25299;2.2;2.3;2.3;2.3;2.3;2.3;2.2;2.2;2.0;1.9;1.8;1.8;1.8
15131;2.2;2.2;2.2;2.2;2.2;2.1;2.1;2.0;2.0;1.9;1.8;1.8;1.8
15276;2.2;2.2;2.2;2.2;2.2;2.1;2.1;2.0;2.0;2.0;1.9;1.8;1.8
25506;2.2;2.3;2.3;2.3;2.3;2.3;2.3;2.3;2.3;2.3;2.3;2.4;2.4
5021;2.2;2.3;2.3;2.3;2.4;2.4;2.5;2.5;2.5;2.6;2.6;2.6;2.6
68549;2.2;2.2;2.2;2.2;2.2;2.3;2.3;2.4;2.5;2.7;2.8;2.9;3.0
5134;2.2;2.4;2.7;3.1;3.6;4.0;4.4;4.7;4.9;5.0;5.0;5.2;5.2
68673;2.2;2.2;2.2;2.2;2.2;2.1;2.1;2.0;1.9;1.8;1.7;1.7;1.7
50124;2.2;2.3;2.3;2.4;2.5;2.6;2.7;2.9;3.0;3.2;3.3;3.4;3.5
15810;2.2;2.2;2.1;2.1;2.1;2.1;2.1;2.1;2.0;2.0;1.9;1.9;1.9
27745;2.1;2.2;2.3;2.3;2.3;2.2;2.1;2.0;1.8;1.8;1.8;1.8;1.8
81300;2.1;2.2;2.3;2.5;2.8;3.8;4.8;5.8;7.2;8.6;9.6;10.7;11.1
50110;2.1;2.2;2.3;2.4;2.5;2.6;2.6;2.7;2.9;3.1;3.4;3.6;3.7
68533;2.1;2.1;2.1;2.2;2.2;2.2;2.2;2.3;2.3;2.4;2.5;2.6;2.7
54418;2.1;2.2;2.2;2.3;2.3;2.3;2.3;2.3;2.3;2.2;2.2;2.2;2.3
15172;2.1;2.1;2.1;2.1;2.1;2.1;2.0;2.0;2.0;1.9;1.8;1.8;1.8
68780;2.1;2.1;2.1;2.2;2.2;2.2;2.2;2.2;2.2;2.2;2.2;2.2;2.2
41026;2.1;2.1;2.1;2.2;2.2;2.2;2.2;2.2;2.3;2.3;2.4;2.4;2.4
25328;2.1;2.1;2.1;2.2;2.2;2.2;2.2;2.2;2.2;2.3;2.4;2.5;2.6
15820;2.1;2.1;2.1;2.1;2.0;1.9;1.9;1.9;1.9;2.0;2.0;2.0;2.1
5475;2.1;2.1;2.2;2.3;2.3;2.4;2.4;2.5;2.5;2.6;2.6;2.8;2.9
18479;2.1;2.1;2.2;2.2;2.2;2.0;1.9;2.0;2.0;2.0;2.0;2.1;2.1
54480;2.1;2.1;2.1;2.1;2.1;2.2;2.2;2.2;2.2;2.2;2.3;2.3;2.5
85300;2.1;2.1;2.2;2.2;2.3;2.3;2.4;2.4;2.3;2.2;2.1;2.0;2.0
15774;2.0;2.0;2.0;2.0;1.9;1.8;1.7;1.7;1.7;1.6;1.5;1.5;1.5
91263;2.0;2.1;2.2;2.3;2.4;2.5;2.5;2.3;1.8;1.4;1.2;1.2;1.2
68368;2.0;2.0;2.0;2.0;2.0;1.9;1.9;1.9;1.9;1.9;1.9;1.9;1.9
15403;2.0;2.0;2.0;2.0;2.0;1.9;1.9;1.9;1.9;1.8;1.8;1.7;1.6
41244;2.0;2.0;2.0;2.0;2.1;2.3;2.3;2.4;2.4;2.4;2.4;2.4;2.4
15879;2.0;2.0;1.9;1.9;1.9;1.9;1.9;1.8;1.8;1.7;1.6;1.6;1.6
68176;1.9;2.0;2.0;2.0;2.0;1.9;1.9;1.9;1.8;1.7;1.7;1.6;1.6
15514;1.9;1.9;1.9;1.9;1.9;1.9;1.9;1.9;1.9;1.9;1.9;1.8;1.8
15761;1.9;1.9;1.9;1.9;1.8;1.8;1.8;1.7;1.7;1.7;1.6;1.6;1.6
50270;1.9;2.0;2.0;2.1;2.1;2.2;2.2;2.2;2.1;2.1;2.1;2.2;2.2
25339;1.9;1.9;1.9;1.9;1.9;1.9;1.9;1.9;1.9;1.9;1.9;1.9;2.0
95025;1.9;1.9;2.0;2.1;2.5;4.0;5.1;5.7;6.1;6.6;7.1;7.7;7.7
15218;1.8;1.8;1.8;1.8;1.8;1.8;1.7;1.7;1.7;1.7;1.6;1.6;1.5
68169;1.8;1.8;1.8;1.8;1.8;1.9;1.9;1.8;1.8;1.7;1.7;1.6;1.6
5658;1.8;1.8;1.8;1.8;1.9;1.9;1.9;1.9;1.9;2.0;2.0;2.1;2.1
99624;1.8;1.9;2.0;2.2;2.3;2.4;2.6;2.6;2.6;2.4;2.3;2.3;2.3
15380;1.8;1.8;1.8;1.8;1.7;1.7;1.7;1.6;1.6;1.6;1.5;1.5;1.5
63111;1.8;1.8;1.8;1.8;1.7;1.7;1.7;1.7;1.7;1.7;1.7;1.7;1.8
15696;1.8;1.8;1.8;1.8;1.8;1.8;1.8;1.8;1.8;1.8;1.8;1.8;1.8
25580;1.8;1.8;1.8;1.9;1.9;1.8;1.9;1.9;1.9;1.9;1.9;1.9;1.9
27372;1.7;1.8;1.9;2.0;2.1;2.4;2.7;2.9;3.1;3.4;3.6;3.8;3.8
15293;1.7;1.7;1.7;1.7;1.7;1.7;1.7;1.7;1.7;1.6;1.6;1.6;1.6
81591;1.7;1.8;1.9;2.0;2.1;2.2;2.2;2.3;2.2;2.2;2.3;2.5;2.6
25807;1.7;1.7;1.8;1.8;1.8;1.7;1.7;1.7;1.7;1.7;1.7;1.8;1.8
15621;1.7;1.7;1.7;1.7;1.7;1.7;1.6;1.6;1.6;1.5;1.4;1.4;1.3
15511;1.7;1.7;1.7;1.7;1.7;1.7;1.6;1.6;1.6;1.5;1.4;1.4;1.4
68296;1.7;1.7;1.7;1.7;1.7;1.7;1.7;1.7;1.7;1.7;1.6;1.6;1.6
15762;1.7;1.7;1.7;1.7;1.6;1.6;1.6;1.6;1.6;1.7;1.7;1.7;1.7
15808;1.7;1.7;1.7;1.7;1.7;1.7;1.7;1.7;1.7;1.8;1.8;1.8;1.9
68682;1.7;1.7;1.7;1.7;1.7;1.7;1.7;1.7;1.6;1.5;1.3;1.3;1.2
5501;1.7;1.7;1.7;1.7;1.7;1.7;1.7;1.7;1.7;1.7;1.7;1.8;1.8
15500;1.6;1.6;1.6;1.6;1.6;1.6;1.6;1.6;1.6;1.6;1.6;1.6;1.6
15533;1.6;1.6;1.6;1.6;1.6;1.6;1.6;1.5;1.5;1.5;1.5;1.5;1.5
68209;1.6;1.6;1.6;1.7;1.7;1.7;1.7;1.7;1.7;1.7;1.8;1.8;1.8
68264;1.6;1.6;1.6;1.6;1.6;1.6;1.6;1.6;1.6;1.5;1.4;1.4;1.4
17446;1.6;1.6;1.6;1.6;1.6;1.6;1.6;1.6;1.6;1.5;1.5;1.5;1.4
54680;1.6;1.6;1.6;1.6;1.7;1.7;1.7;1.7;1.7;1.8;1.8;1.9;2.0
15106;1.6;1.6;1.5;1.5;1.5;1.5;1.4;1.4;1.4;1.3;1.3;1.2;1.2
68425;1.6;1.6;1.6;1.6;1.6;1.6;1.5;1.5;1.5;1.4;1.3;1.2;1.2
15720;1.5;1.5;1.5;1.5;1.5;1.5;1.5;1.5;1.4;1.4;1.3;1.3;1.2
25368;1.5;1.6;1.6;1.6;1.6;1.6;1.6;1.6;1.5;1.4;1.3;1.3;1.3
68686;1.5;1.5;1.6;1.6;1.6;1.6;1.6;1.6;1.6;1.5;1.5;1.4;1.4
54125;1.5;1.6;1.6;1.6;1.6;1.6;1.6;1.6;1.6;1.6;1.6;1.6;1.6
25324;1.5;1.6;1.6;1.6;1.6;1.7;1.7;1.7;1.7;1.7;1.6;1.6;1.6
81220;1.5;1.6;1.6;1.7;1.7;1.8;1.8;1.9;2.0;2.0;2.1;2.2;2.3
15215;1.4;1.4;1.4;1.4;1.4;1.4;1.4;1.4;1.4;1.4;1.4;1.4;1.4
15518;1.4;1.4;1.4;1.4;1.4;1.4;1.4;1.4;1.4;1.4;1.3;1.3;1.4
44420;1.4;1.5;1.5;1.6;1.6;1.6;1.7;1.7;1.7;1.8;1.9;2.0;2.1
25095;1.4;1.4;1.4;1.4;1.4;1.4;1.4;1.4;1.4;1.4;1.4;1.4;1.4
15092;1.4;1.4;1.4;1.4;1.4;1.3;1.3;1.3;1.2;1.2;1.1;1.1;1.1
68344;1.4;1.4;1.4;1.4;1.4;1.3;1.3;1.3;1.3;1.3;1.3;1.3;1.3
68524;1.4;1.4;1.4;1.4;1.4;1.4;1.4;1.4;1.4;1.4;1.4;1.4;1.5
68245;1.3;1.4;1.4;1.4;1.4;1.4;1.4;1.4;1.4;1.4;1.3;1.2;1.2
50245;1.3;1.4;1.4;1.4;1.5;1.5;1.5;1.5;1.4;1.3;1.1;1.0;1.0
68705;1.3;1.3;1.4;1.4;1.3;1.3;1.3;1.3;1.3;1.3;1.3;1.4;1.4
68322;1.3;1.3;1.3;1.4;1.4;1.4;1.4;1.4;1.4;1.3;1.3;1.3;1.3
15236;1.3;1.3;1.3;1.3;1.3;1.3;1.3;1.3;1.3;1.3;1.4;1.4;1.4
5004;1.3;1.3;1.3;1.3;1.3;1.4;1.4;1.4;1.4;1.4;1.5;1.5;1.5
15839;1.3;1.3;1.2;1.2;1.2;1.2;1.2;1.2;1.2;1.2;1.2;1.1;1.1
25871;1.2;1.3;1.3;1.3;1.2;1.1;1.1;1.1;1.0;1.0;1.0;1.0;1.0
15022;1.2;1.2;1.2;1.2;1.2;1.2;1.2;1.2;1.1;1.1;1.1;1.1;1.0
25483;1.2;1.2;1.3;1.3;1.3;1.3;1.3;1.4;1.4;1.4;1.3;1.3;1.3
68013;1.2;1.2;1.2;1.2;1.2;1.2;1.2;1.2;1.2;1.1;1.1;1.0;1.0
15317;1.2;1.2;1.2;1.2;1.1;1.1;1.1;1.1;1.1;1.1;1.1;1.1;1.0
68160;1.2;1.2;1.2;1.2;1.2;1.2;1.2;1.2;1.2;1.2;1.1;1.1;1.1
97511;1.2;1.4;1.7;2.0;2.1;2.1;2.0;1.8;1.8;1.9;2.1;2.3;2.4
15226;1.1;1.1;1.1;1.1;1.1;1.1;1.1;1.1;1.1;1.0;1.0;1.0;1.0
91798;1.1;1.2;1.2;1.3;1.3;1.4;1.5;1.5;1.7;1.8;2.0;2.1;2.2
50686;1.1;1.1;1.2;1.2;1.2;1.3;1.3;1.3;1.1;1.0;0.8;0.7;0.7
68121;1.1;1.1;1.1;1.1;1.1;1.1;1.0;1.0;1.0;1.0;1.1;1.1;1.1
85315;1.1;1.1;1.2;1.2;1.2;1.1;1.0;1.1;1.1;1.1;1.1;1.2;1.2
15660;1.1;1.1;1.1;1.1;1.1;1.0;1.0;1.0;1.0;1.0;1.0;1.0;0.9
15090;1.1;1.1;1.1;1.1;1.0;1.0;1.0;1.0;1.0;1.0;0.9;0.9;0.9
15522;1.1;1.1;1.1;1.1;1.1;1.1;1.1;1.1;1.0;1.0;1.0;1.0;1.0
85015;1.1;1.1;1.1;1.1;1.2;1.2;1.2;1.2;1.2;1.3;1.3;1.4;1.4
15362;1.1;1.0;1.0;1.0;1.0;1.1;1.1;1.1;1.1;1.1;1.1;1.1;1.1
68132;1.0;1.0;1.0;1.1;1.1;1.0;1.0;1.1;1.1;1.1;1.2;1.2;1.2
68867;1.0;1.0;1.0;1.1;1.1;1.1;1.1;1.1;1.1;1.1;1.2;1.2;1.2
25086;1.0;1.0;1.0;1.0;1.0;1.0;1.0;1.0;1.0;1.0;1.0;1.0;1.0
91405;1.0;1.1;1.1;1.2;1.2;1.3;1.3;1.4;1.5;1.5;1.6;1.7;1.7
68522;1.0;1.0;1.0;1.0;0.9;0.8;0.8;0.8;0.8;0.8;0.8;0.8;0.8
15401;1.0;1.0;0.9;0.9;0.9;0.8;0.7;0.7;0.7;0.7;0.6;0.6;0.6
15832;0.9;0.9;0.9;0.9;0.9;0.9;0.9;0.9;0.9;0.9;0.9;0.9;0.9
85279;0.9;0.9;1.0;1.0;0.9;0.8;0.8;0.8;0.8;0.9;0.9;0.9;1.0
15550;0.9;0.9;0.9;0.9;1.0;1.0;1.0;1.0;1.0;1.0;1.0;1.0;1.0
97161;0.8;0.9;1.0;1.0;1.0;1.1;1.1;1.2;1.3;1.4;1.5;1.6;1.7
19533;0.8;0.9;0.9;1.1;1.3;1.7;2.3;2.9;3.6;4.2;4.7;5.0;5.1
85136;0.8;0.8;0.8;0.8;0.8;0.8;0.8;0.9;0.9;0.9;0.8;0.8;0.8
91460;0.8;0.8;0.8;0.8;0.9;0.8;0.8;0.9;0.9;1.0;1.0;1.0;1.0
15723;0.7;0.7;0.7;0.7;0.7;0.7;0.7;0.6;0.6;0.6;0.6;0.6;0.6
68370;0.7;0.7;0.7;0.7;0.7;0.7;0.8;0.7;0.7;0.7;0.7;0.7;0.7
91530;0.6;0.6;0.6;0.6;0.6;0.4;0.3;0.4;0.4;0.4;0.4;0.4;0.4
91407;0.6;0.6;0.6;0.6;0.7;0.8;1.0;1.2;1.6;1.8;2.0;2.2;2.2
94343;0.5;0.6;0.7;0.7;1.1;2.1;2.8;3.2;3.4;3.7;4.1;4.6;4.5
15114;0.5;0.5;0.5;0.5;0.5;0.5;0.5;0.5;0.6;0.6;0.6;0.6;0.6
94887;0.5;0.5;0.5;0.6;0.6;0.7;0.7;0.7;0.8;0.9;1.0;1.1;1.1
91430;0.4;0.5;0.5;0.5;0.4;0.3;0.3;0.3;0.3;0.3;0.3;0.4;0.4
94884;0.4;0.4;0.5;0.5;0.6;0.7;0.7;0.7;0.8;0.9;0.9;1.1;1.1
91536;0.4;0.4;0.4;0.4;0.4;0.4;0.5;0.5;0.5;0.5;0.5;0.6;0.6
97889;0.3;0.4;0.5;0.6;0.7;0.7;0.8;0.8;0.7;0.6;0.6;0.6;0.6
91669;0.2;0.3;0.3;0.3;0.4;0.6;0.8;0.8;0.9;0.9;0.9;1.0;1.0
97666;0.2;0.3;0.4;0.5;0.6;0.8;0.8;0.9;1.0;1.1;1.2;1.2;1.3
97777;0.2;0.3;0.3;0.4;0.5;0.5;0.5;0.5;0.4;0.4;0.4;0.4;0.4
94888;0.2;0.2;0.2;0.3;0.3;0.3;0.3;0.4;0.4;0.4;0.5;0.5;0.5
94883;0.2;0.2;0.2;0.3;0.3;0.3;0.4;0.4;0.6;0.7;0.8;0.9;1.0
94885;0.1;0.1;0.1;0.1;0.1;0.1;0.1;0.1;0.1;0.1;0.1;0.2;0.2
94886;0.1;0.1;0.1;0.1;0.1;0.1;0.1;0.1;0.2;0.3;0.4;0.5;0.5
23815;0.0;23.2;23.7;24.0;24.3;24.6;25.3;26.0;26.5;26.8;27.0;29.6;30.3
13490;0.0;2.2;2.2;2.3;2.3;2.5;3.1;3.8;4.1;4.3;4.3;5.2;5.4
23682;0.0;4.4;4.5;4.5;4.6;4.6;4.8;4.9;5.2;5.5;5.9;7.5;7.7
