Cod_Div,Municipio,Humedad
91430,LA VICTORIA,88.76124999999999
99001,PUERTO CARREÑO,88.42
5001,MEDELLÍN,92.0525
5002,ABEJORRAL,92.39874999999999
5004,ABRIAQUÍ,92.37
5021,ALEJANDRÍA,92.18625
5030,AMAGÁ,90.65125
5031,AMALFI,92.8075
5034,ANDES,94.03375
5036,ANGELÓPOLIS,90.38125
5038,ANGOSTURA,93.3725
5040,ANORÍ,92.66499999999999
5044,ANZÁ,89.66749999999999
5045,APARTADÓ,91.44624999999999
5051,ARBOLETES,85.39375
5055,ARGELIA,93.11749999999999
5059,ARMENIA,89.85
5079,BARBOSA,93.06625
5086,BELMIRA,91.41625
5088,BELLO,92.1375
5091,BETANIA,94.91
5093,BETULIA,90.77625
5101,CIUDAD BOLÍVAR,94.1775
5107,BRICEÑO,94.24125000000001
5113,BURITICÁ,91.82374999999999
5120,CÁCERES,90.095
5125,CAICEDO,90.11375000000001
5129,CALDAS,91.69125
5134,CAMPAMENTO,93.4975
5138,CAÑASGORDAS,92.0875
5142,CARACOLÍ,89.49625
5145,CARAMANTA,92.91499999999999
5147,CAREPA,92.56875
5148,EL CARMEN DE VIBORAL,92.82625
5150,CAROLINA,92.25
5154,CAUCASIA,89.60625
5172,CHIGORODÓ,92.26124999999999
5190,CISNEROS,92.34625
5197,COCORNÁ,91.47625000000001
5206,CONCEPCIÓN,92.91125
5209,CONCORDIA,90.67999999999999
5212,COPACABANA,92.79625
5234,DABEIBA,94.7975
5237,DONMATÍAS,93.04625
5240,EBÉJICO,89.385
5250,EL BAGRE,87.6925
5264,ENTRERRÍOS,92.9475
5266,ENVIGADO,92.245
5282,FREDONIA,91.0025
5284,FRONTINO,94.0025
5306,GIRALDO,91.27625
5308,GIRARDOTA,92.90625
5310,GÓMEZ PLATA,92.19500000000001
5313,GRANADA,91.63624999999999
5315,GUADALUPE,92.23125
5318,GUARNE,92.8875
5321,GUATAPÉ,91.65875
5347,HELICONIA,89.9625
5353,HISPANIA,92.99375
5360,ITAGÜÍ,91.775
5361,ITUANGO,94.515
5364,JARDÍN,93.75125
5368,JERICÓ,90.89874999999999
5376,LA CEJA,93.675
5380,LA ESTRELLA,91.33
5390,LA PINTADA,90.8875
5400,LA UNIÓN,93.2025
5411,LIBORINA,91.62125
5425,MACEO,90.46124999999999
5440,MARINILLA,92.70125
5467,MONTEBELLO,93.29375
5475,MURINDÓ,92.40125
5480,MUTATÁ,93.9075
5483,NARIÑO,93.97749999999999
5490,NECOCLÍ,87.18125
5495,NECHÍ,89.67
5501,OLAYA,90.81625
5541,PEÑOL,92.19874999999999
5543,PEQUE,94.17875000000001
5576,PUEBLORRICO,91.87375
5579,PUERTO BERRÍO,86.12375
5585,PUERTO NARE,86.995
5591,PUERTO TRIUNFO,86.795
5604,REMEDIOS,90.26124999999999
5607,RETIRO,94.0275
5615,RIONEGRO,92.94624999999999
5628,SABANALARGA,93.08500000000001
5631,SABANETA,91.80375000000001
5642,SALGAR,91.87375
5647,SAN ANDRÉS DE CUERQUÍA,93.82000000000001
5697,EL SANTUARIO,92.3425
8001,BARRANQUILLA,82.47625000000001
8078,BARANOA,84.86375000000001
8137,CAMPO DE LA CRUZ,83.97749999999999
8141,CANDELARIA,84.02125
8296,GALAPA,83.05375000000001
8372,JUAN DE ACOSTA,83.89
8421,LURUACO,85.1075
8433,MALAMBO,83.78625
8436,MANATÍ,84.97375
8520,PALMAR DE VARELA,84.6075
8549,PIOJÓ,83.8875
8558,POLONUEVO,84.84375
8560,PONEDERA,83.7375
8573,PUERTO COLOMBIA,81.95125
8606,REPELÓN,86.37875
8634,SABANAGRANDE,84.34875
8638,SABANALARGA,85.125
11000,BOGOTÁ. D.C.,85.81125
13001,CARTAGENA DE INDIAS,82.88875
13006,ACHÍ,90.18375
13030,ALTOS DEL ROSARIO,88.91375000000001
13042,ARENAL,87.86625000000001
13052,ARJONA,86.0775
13062,ARROYOHONDO,84.85375
13074,BARRANCO DE LOBA,89.155
13140,CALAMAR,84.17
13160,CANTAGALLO,88.3625
13188,CICUCO,88.14625
13212,CÓRDOBA,87.16125
13222,CLEMENCIA,84.04125
13244,EL CARMEN DE BOLÍVAR,89.035
13248,EL GUAMO,86.22999999999999
13268,EL PEÑÓN,88.47875
13300,HATILLO DE LOBA,89.09875
13430,MAGANGUÉ,88.13250000000001
13433,MAHATES,86.315
13440,MARGARITA,89.64625
13442,MARÍA LA BAJA,88.5875
13458,MONTECRISTO,91.03999999999999
13468,MOMPÓS,88.80125000000001
13473,MORALES,87.7975
13490,NOROSÍ,88.2975
13549,PINILLOS,90.75
13580,REGIDOR,86.36125
13600,RÍO VIEJO,86.82000000000001
15022,ALMEIDA,93.74625
15047,AQUITANIA,90.29375
15051,ARCABUCO,87.39500000000001
15087,BELÉN,85.10625
15090,BERBEO,93.52000000000001
15092,BETÉITIVA,85.03125
15097,BOAVITA,82.34125
15104,BOYACÁ,88.00750000000001
15106,BRICEÑO,90.5675
15109,BUENAVISTA,89.74625
15114,BUSBANZÁ,84.975
15131,CALDAS,88.12
15135,CAMPOHERMOSO,93.79249999999999
15162,CERINZA,85.25625
15172,CHINAVITA,93.35499999999999
15176,CHIQUINQUIRÁ,87.95625
15180,CHISCAS,88.57000000000001
15183,CHITA,85.16875
15185,CHITARAQUE,89.28375
15187,CHIVATÁ,88.15875
15189,CIÉNEGA,90.26
15204,CÓMBITA,87.28375
15212,COPER,91.35
15215,CORRALES,85.85499999999999
15218,COVARACHÍA,81.2025
15223,CUBARÁ,91.75375
15224,CUCAITA,85.32374999999999
15226,CUÍTIVA,86.68875
15232,CHÍQUIZA,85.61125
15236,CHIVOR,93.535
15238,DUITAMA,82.94874999999999
15244,EL COCUY,86.78375
15248,EL ESPINO,86.905
15272,FIRAVITOBA,83.4
15276,FLORESTA,84.4225
15293,GACHANTIVÁ,87.94624999999999
15296,GÁMEZA,87.25375
15299,GARAGOA,93.61125
15317,GUACAMAYAS,86.34125
15322,GUATEQUE,93.55125000000001
15325,GUAYATÁ,93.74375
15332,GÜICÁN DE LA SIERRA,88.485
15362,IZA,85.37875
15367,JENESANO,89.7175
15368,JERICÓ,84.38
15377,LABRANZAGRANDE,92.44125
15380,LA CAPILLA,93.2125
15401,LA VICTORIA,92.51
15403,LA UVITA,82.53125
15425,MACANAL,93.7875
15442,MARIPÍ,91.32875
15455,MIRAFLORES,93.6975
15464,MONGUA,88.485
15466,MONGUÍ,87.08250000000001
15469,MONIQUIRÁ,89.39375
15476,MOTAVITA,86.85249999999999
15480,MUZO,91.88374999999999
15491,NOBSA,83.11375000000001
15494,NUEVO COLÓN,89.20750000000001
15500,OICATÁ,87.57875
15507,OTANCHE,91.3875
15511,PACHAVITA,93.27875
15514,PÁEZ,93.5475
15516,PAIPA,83.91125
15518,PAJARITO,92.6125
15522,PANQUEBA,87.0375
15531,PAUNA,91.17375
15533,PAYA,91.99625
15537,PAZ DE RÍO,82.9725
15542,PESCA,86.87125
15550,PISBA,92.265
15572,PUERTO BOYACÁ,86.43625
15580,QUÍPAMA,92.31625
15599,RAMIRIQUÍ,89.8125
15600,RÁQUIRA,84.71375
15621,RONDÓN,91.845
15632,SABOYÁ,88.6925
15638,SÁCHICA,85.2675
15646,SAMACÁ,84.43625
17001,MANIZALES,93.68625
17013,AGUADAS,92.54249999999999
17042,ANSERMA,91.11
17050,ARANZAZU,92.54375
17088,BELALCÁZAR,90.47749999999999
17174,CHINCHINÁ,92.03125
17272,FILADELFIA,92.1575
17380,LA DORADA,86.00375
17388,LA MERCED,92.57374999999999
17433,MANZANARES,90.95
17442,MARMATO,93.06
17444,MARQUETALIA,88.40375
17446,MARULANDA,93.79375
17486,NEIRA,92.73375
17495,NORCASIA,87.88875
17513,PÁCORA,92.96625
17524,PALESTINA,91.72
17541,PENSILVANIA,92.50625
17614,RIOSUCIO,92.89500000000001
17616,RISARALDA,90.5475
17653,SALAMINA,92.715
17662,SAMANÁ,88.6275
18001,FLORENCIA,92.66625
18029,ALBANIA,91.32875
18094,BELÉN DE LOS ANDAQUÍES,92.07875
18150,CARTAGENA DEL CHAIRÁ,90.705
18205,CURILLO,90.27625
18247,EL DONCELLO,90.72375
18256,EL PAUJÍL,90.73375
18410,LA MONTAÑITA,90.8425
18460,MILÁN,89.9825
18479,MORELIA,90.95125
18592,PUERTO RICO,91.22375
19001,POPAYÁN,88.8025
19022,ALMAGUER,87.14874999999999
19050,ARGELIA,93.36875
19075,BALBOA,86.17125
19100,BOLÍVAR,84.17875000000001
19110,BUENOS AIRES,89.71124999999999
19130,CAJIBÍO,89.425
19137,CALDONO,89.32875
19142,CALOTO,87.8625
19212,CORINTO,88.15625
19256,EL TAMBO,90.3725
19290,FLORENCIA,84.12875
19300,GUACHENÉ,87.075
19318,GUAPÍ,91.02000000000001
19355,INZÁ,89.61125
19364,JAMBALÓ,90.95125
19392,LA SIERRA,85.93625
19397,LA VEGA,87.985
19418,LÓPEZ DE MICAY,95.845
19450,MERCADERES,83.00125
19455,MIRANDA,87.56875
19473,MORALES,91.18875
19513,PADILLA,86.83250000000001
19517,PÁEZ,89.47749999999999
19532,PATÍA,83.13875
19533,PIAMONTE,91.40625
19548,PIENDAMÓ - TUNÍA,89.01124999999999
19573,PUERTO TEJADA,85.8075
19585,PURACÉ,90.64750000000001
19622,ROSAS,85.67625000000001
20011,AGUACHICA,88.52125
20013,AGUSTÍN CODAZZI,83.455
20032,ASTREA,87.39874999999999
20045,BECERRIL,84.71000000000001
20060,BOSCONIA,80.21375
20175,CHIMICHAGUA,88.075
20178,CHIRIGUANA,87.43875
20228,CURUMANÍ,89.5525
20238,EL COPEY,83.19874999999999
20250,EL PASO,84.46000000000001
20295,GAMARRA,86.58375
20310,GONZÁLEZ,89.91
20383,LA GLORIA,86.3725
20400,LA JAGUA DE IBIRICO,87.41375000000001
20443,MANAURE BALCÓN DEL CESAR,90.3225
20517,PAILITAS,89.01875
20550,PELAYA,87.30125000000001
20570,PUEBLO BELLO,87.39500000000001
20614,RÍO DE ORO,89.60625
20621,LA PAZ,84.44125
20710,SAN ALBERTO,89.68375
23001,MONTERÍA,89.23125
23068,AYAPEL,89.79249999999999
23079,BUENAVISTA,89.1825
23090,CANALETE,88.85125000000001
23162,CERETÉ,89.68375
23168,CHIMÁ,89.6725
23182,CHINÚ,89.375
23189,CIÉNAGA DE ORO,89.70125
23300,COTORRA,89.85625
23350,LA APARTADA,89.455
23417,LORICA,88.5875
23419,LOS CÓRDOBAS,85.01875
23464,MOMIL,89.42375
23466,MONTELÍBANO,89.41625
23500,MOÑITOS,82.82625
23555,PLANETA RICA,89.6125
23570,PUEBLO NUEVO,89.86875
23574,PUERTO ESCONDIDO,83.8425
23580,PUERTO LIBERTADOR,89.2175
23586,PURÍSIMA DE LA CONCEPCIÓN,89.42999999999999
23660,SAHAGÚN,89.46875
23670,SAN ANDRÉS DE SOTAVENTO,89.4975
23672,SAN ANTERO,85.08375
25001,AGUA DE DIOS,78.34375
25019,ALBÁN,86.35375
25035,ANAPOIMA,79.13374999999999
25040,ANOLAIMA,84.46375
25053,ARBELÁEZ,83.9525
25086,BELTRÁN,79.96000000000001
25095,BITUIMA,85.16499999999999
25099,BOJACÁ,84.155
25120,CABRERA,89.59625
25123,CACHIPAY,83.85
25126,CAJICÁ,84.98375
25148,CAPARRAPÍ,90.52125
25151,CÁQUEZA,92.505
25154,CARMEN DE CARUPA,87.705
25168,CHAGUANÍ,84.35375
25175,CHÍA,85.21875
25178,CHIPAQUE,89.96625
25181,CHOACHÍ,91.41
25183,CHOCONTÁ,88.61625000000001
25200,COGUA,85.45125
25214,COTA,85.30499999999999
25224,CUCUNUBÁ,86.125
25245,EL COLEGIO,80.3625
25258,EL PEÑÓN,91.12375
25260,EL ROSAL,85.85375
25269,FACATATIVÁ,85.31625
25279,FÓMEQUE,92.4275
25281,FOSCA,93.27625
25286,FUNZA,84.5025
25288,FÚQUENE,85.75375
25290,FUSAGASUGÁ,83.5025
25293,GACHALÁ,94.78
25295,GACHANCIPÁ,86.72125
25297,GACHETÁ,93.39874999999999
25299,GAMA,94.27625
25307,GIRARDOT,77.73125
25312,GRANADA,80.63374999999999
25317,GUACHETÁ,85.6275
25320,GUADUAS,85.11749999999999
25322,GUASCA,88.12625
25324,GUATAQUÍ,78.29375
25326,GUATAVITA,88.2475
25328,GUAYABAL DE SÍQUIMA,86.365
25335,GUAYABETAL,93.63875
25339,GUTIÉRREZ,94.07875
25368,JERUSALÉN,78.47875
25372,JUNÍN,93.5325
25377,LA CALERA,87.1625
25386,LA MESA,81.39500000000001
25394,LA PALMA,91.17125
25398,LA PEÑA,90.25
25402,LA VEGA,87.99375
25407,LENGUAZAQUE,86.25
25426,MACHETÁ,90.80875
25430,MADRID,84.27000000000001
25436,MANTA,92.70875
25438,MEDINA,91.91875
25473,MOSQUERA,84.31875
25483,NARIÑO,78.0575
25486,NEMOCÓN,86.63125
25488,NILO,79.39
25489,NIMAIMA,89.52000000000001
25491,NOCAIMA,88.9325
25513,PACHO,88.5025
25518,PAIME,91.14375
25524,PANDI,84.1975
25530,PARATEBUENO,90.55
25535,PASCA,85.93375
25572,PUERTO SALGAR,86.4425
25580,PULÍ,79.58624999999999
25592,QUEBRADANEGRA,89.34
25594,QUETAME,93.71875
25596,QUIPILE,83.425
25599,APULO,78.12
25612,RICAURTE,77.56125
25645,SAN ANTONIO DEL TEQUENDAMA,82.12375
27001,QUIBDÓ,95.1075
27006,ACANDÍ,88.66375000000001
27025,ALTO BAUDÓ,96.58125
27050,ATRATO,94.94500000000001
27073,BAGADÓ,94.67625000000001
27075,BAHÍA SOLANO,90.13250000000001
27077,BAJO BAUDÓ,91.12125
27099,BOJAYÁ,93.14750000000001
27135,EL CANTÓN DEL SAN PABLO,95.8775
27150,CARMEN DEL DARIÉN,92.6925
27160,CÉRTEGUI,94.885
27205,CONDOTO,95.04125
27245,EL CARMEN DE ATRATO,95.78875000000001
27250,EL LITORAL DEL SAN JUAN,93.13875
27361,ISTMINA,95.39625
27372,JURADÓ,90.95625
27413,LLORÓ,94.22
27425,MEDIO ATRATO,94.8025
27430,MEDIO BAUDÓ,96.53125
27450,MEDIO SAN JUAN,95.28
27491,NÓVITA,94.935
27495,NUQUÍ,90.9975
27580,RÍO IRÓ,94.58624999999999
27600,RÍO QUITO,95.72375
27615,RIOSUCIO,92.93125
41001,NEIVA,69.51875
41006,ACEVEDO,92.345
41013,AGRADO,80.58125
41016,AIPE,67.49625
41020,ALGECIRAS,84.76375
41026,ALTAMIRA,88.1275
41078,BARAYA,73.4325
41132,CAMPOALEGRE,75.66499999999999
41206,COLOMBIA,81.1875
41244,ELÍAS,90.185
41298,GARZÓN,85.8475
41306,GIGANTE,81.05375000000001
41319,GUADALUPE,89.6975
41349,HOBO,75.28375
41357,ÍQUIRA,79.03875000000001
41359,ISNOS,92.22375
41378,LA ARGENTINA,88.55125000000001
41396,LA PLATA,84.24375
41483,NÁTAGA,83.14375
41503,OPORAPA,90.1775
41518,PAICOL,80.4525
41524,PALERMO,71.8575
41530,PALESTINA,93.315
41548,PITAL,81.4875
41551,PITALITO,91.37
41615,RIVERA,73.7175
41660,SALADOBLANCO,90.595
41668,SAN AGUSTÍN,93.33500000000001
44001,RIOHACHA,71.655
44035,ALBANIA,79.29375
44078,BARRANCAS,83.48875000000001
44090,DIBULLA,83.75750000000001
44098,DISTRACCIÓN,84.05625
44110,EL MOLINO,85.90625
44279,FONSECA,84.325
44378,HATONUEVO,80.11875
44420,LA JAGUA DEL PILAR,86.88125
44430,MAICAO,72.48625
44560,MANAURE,66.58250000000001
47030,ALGARROBO,83.33500000000001
47053,ARACATACA,82.94500000000001
47058,ARIGUANÍ,84.35875
47161,CERRO DE SAN ANTONIO,83.82625
47170,CHIVOLO,84.24
47189,CIÉNAGA,81.39375
47205,CONCORDIA,83.64125
47245,EL BANCO,88.73375
47258,EL PIÑÓN,83.36625000000001
47268,EL RETÉN,81.30625
47288,FUNDACIÓN,82.99125000000001
47318,GUAMAL,89.6275
47460,NUEVA GRANADA,85.1625
47541,PEDRAZA,84.55875
47545,PIJIÑO DEL CARMEN,88.08125
47551,PIVIJAY,83.065
47555,PLATO,86.615
47570,PUEBLOVIEJO,80.73625
47605,REMOLINO,84.06375
47660,SABANAS DE SAN ÁNGEL,82.6775
47675,SALAMINA,82.9275
50006,ACACÍAS,90.07875
50110,BARRANCA DE UPÍA,90.17
50124,CABUYARO,87.92
50150,CASTILLA LA NUEVA,88.685
50223,CUBARRAL,90.11875
50226,CUMARAL,90.8725
50245,EL CALVARIO,93.97375
50251,EL CASTILLO,90.44500000000001
50270,EL DORADO,89.8025
50287,FUENTEDEORO,90.9075
50313,GRANADA,90.27125
50318,GUAMAL,89.06
50325,MAPIRIPÁN,88.58500000000001
50330,MESETAS,92.99875
50350,LA MACARENA,91.75750000000001
50400,LEJANÍAS,92.82625
50450,PUERTO CONCORDIA,91.92125
50568,PUERTO GAITÁN,84.23375
50573,PUERTO LÓPEZ,89.18125
50577,PUERTO LLERAS,91.11625000000001
50590,PUERTO RICO,92.57124999999999
50606,RESTREPO,91.575
52001,PASTO,89.58250000000001
52019,ALBÁN,87.1725
52022,ALDANA,91.84625
52036,ANCUYÁ,87.56375
52051,ARBOLEDA,84.88
52079,BARBACOAS,90.45
52083,BELÉN,86.55375000000001
52110,BUESACO,87.62625
52203,COLÓN,85.52000000000001
52207,CONSACÁ,87.76625
52210,CONTADERO,91.04625
52215,CÓRDOBA,92.5875
52224,CUASPÚD,92.19375
52227,CUMBAL,91.54249999999999
52233,CUMBITARA,91.05625
52240,CHACHAGÜI,85.67625000000001
52250,EL CHARCO,89.78999999999999
52254,EL PEÑOL,86.26
52256,EL ROSARIO,85.05
52258,EL TABLÓN DE GÓMEZ,88.09875
52260,EL TAMBO,85.90375
52287,FUNES,89.99125000000001
52317,GUACHUCAL,90.47625000000001
52320,GUAITARILLA,88.46875
52323,GUALMATÁN,90.8475
52352,ILES,89.3375
52354,IMUÉS,88.4525
52356,IPIALES,93.03375
52378,LA CRUZ,87.8025
52381,LA FLORIDA,87.28625
52385,LA LLANADA,89.98125
52390,LA TOLA,87.79125
52399,LA UNIÓN,84.07000000000001
52405,LEIVA,86.55625
52411,LINARES,87.9675
52418,LOS ANDES,88.245
52427,MAGÜÍ,88.715
52435,MALLAMA,93.0125
52473,MOSQUERA,83.50750000000001
52480,NARIÑO,87.45750000000001
52490,OLAYA HERRERA,85.775
52506,OSPINA,88.725
52520,FRANCISCO PIZARRO,82.62375
52540,POLICARPA,87.75625
52560,POTOSÍ,93.76625
52565,PROVIDENCIA,89.3375
52573,PUERRES,91.79375
52585,PUPIALES,92.16875
52612,RICAURTE,95.535
52621,ROBERTO PAYÁN,88.65375
52678,SAMANIEGO,89.72875
52835,SAN ANDRÉS DE TUMACO,82.4875
54001,CÚCUTA,71.67375
54003,ÁBREGO,87.85875
54051,ARBOLEDAS,83.50125
54099,BOCHALEMA,81.9475
54109,BUCARASICA,84.77374999999999
54125,CÁCOTA,92.0125
54128,CÁCHIRA,91.48625
54172,CHINÁCOTA,82.01625
54174,CHITAGÁ,92.07374999999999
54206,CONVENCIÓN,89.64500000000001
54223,CUCUTILLA,86.49
54239,DURANIA,76.15875
54245,EL CARMEN,91.11125
54250,EL TARRA,88.26625
54261,EL ZULIA,74.50375
54313,GRAMALOTE,81.23625
54344,HACARÍ,89.8475
54347,HERRÁN,88.85499999999999
54377,LABATECA,92.0475
54385,LA ESPERANZA,90.67625000000001
54398,LA PLAYA,88.73625
54405,LOS PATIOS,70.61625000000001
54418,LOURDES,82.5175
54480,MUTISCUA,91.27125
54498,OCAÑA,89.2375
54518,PAMPLONA,90.51375
54520,PAMPLONITA,89.6275
54553,PUERTO SANTANDER,82.9325
54599,RAGONVALIA,83.7175
54660,SALAZAR,81.01375
63001,ARMENIA,91.74125000000001
63111,BUENAVISTA,92.14375
63130,CALARCÁ,92.09
63190,CIRCASIA,92.025
63212,CÓRDOBA,92.44125
63272,FILANDIA,91.7875
63302,GÉNOVA,92.0375
63401,LA TEBAIDA,91.02125
63470,MONTENEGRO,91.1125
63548,PIJAO,92.69375
63594,QUIMBAYA,90.9875
63690,SALENTO,92.47
66001,PEREIRA,91.10499999999999
66045,APÍA,93.1725
66075,BALBOA,91.85625
66088,BELÉN DE UMBRÍA,92.5
66170,DOSQUEBRADAS,91.35125000000001
66318,GUÁTICA,92.285
66383,LA CELIA,93.1725
66400,LA VIRGINIA,90.7825
66440,MARSELLA,90.26124999999999
66456,MISTRATÓ,93.63374999999999
66572,PUEBLO RICO,95.4475
66594,QUINCHÍA,91.81375
68001,BUCARAMANGA,88.8125
68013,AGUADA,89.74249999999999
68020,ALBANIA,90.95625
68051,ARATOCA,84.74375
68077,BARBOSA,90.55125000000001
68079,BARICHARA,85.77374999999999
68081,BARRANCABERMEJA,87.49125000000001
68092,BETULIA,86.65
68101,BOLÍVAR,93.23125
68121,CABRERA,86.36749999999999
68132,CALIFORNIA,88.61749999999999
68147,CAPITANEJO,82.6225
68152,CARCASÍ,87.10125000000001
68160,CEPITÁ,84.29875
68162,CERRITO,89.05
68167,CHARALÁ,89.56125
68169,CHARTA,88.37875
68176,CHIMA,89.9425
68179,CHIPATÁ,91.16625
68190,CIMITARRA,85.675
68207,CONCEPCIÓN,88.20750000000001
68209,CONFINES,88.41749999999999
68211,CONTRATACIÓN,90.365
68217,COROMORO,90.1925
68229,CURITÍ,86.35625
68235,EL CARMEN DE CHUCURÍ,92.13374999999999
68245,EL GUACAMAYO,89.86875
68250,EL PEÑÓN,91.96124999999999
68255,EL PLAYÓN,90.60499999999999
68264,ENCINO,89.06375
68266,ENCISO,85.9025
68271,FLORIÁN,91.3875
68276,FLORIDABLANCA,88.97875
68296,GALÁN,86.80375000000001
68298,GÁMBITA,88.675
68307,GIRÓN,88.54625
68318,GUACA,87.41375000000001
68320,GUADALUPE,89.64500000000001
68322,GUAPOTÁ,89.285
68324,GUAVATÁ,92.115
68327,GÜEPSA,90.49625
68344,HATO,88.32875
68368,JESÚS MARÍA,91.62125
68370,JORDÁN,84.24125000000001
68377,LA BELLEZA,91.38624999999999
68385,LANDÁZURI,89.11125
68397,LA PAZ,90.04375
68406,LEBRIJA,88.56375
68418,LOS SANTOS,84.38
68425,MACARAVITA,84.85875
68432,MÁLAGA,85.8375
68444,MATANZA,88.26625
68464,MOGOTES,87.79625
68468,MOLAGAVITA,84.6625
68498,OCAMONTE,89.2325
68500,OIBA,89.22
68502,ONZAGA,82.37375
68522,PALMAR,87.85
68524,PALMAS DEL SOCORRO,88.54249999999999
68533,PÁRAMO,88.235
68547,PIEDECUESTA,89.34625
68549,PINCHOTE,87.0675
68572,PUENTE NACIONAL,90.76375
68573,PUERTO PARRA,85.03125
68575,PUERTO WILCHES,88.25625
68615,RIONEGRO,89.175
68655,SABANA DE TORRES,88.385
68669,SAN ANDRÉS,86.28
68673,SAN BENITO,89.64
70110,BUENAVISTA,87.9425
70124,CAIMITO,90.1225
70204,COLOSÓ,89.16375000000001
70215,COROZAL,89.40625
70221,COVEÑAS,85.47125
70230,CHALÁN,89.61
70233,EL ROBLE,89.0125
70235,GALERAS,88.34125
70265,GUARANDA,89.81625
70400,LA UNIÓN,89.495
70418,LOS PALMITOS,89.52625
70429,MAJAGUAL,89.87375
70473,MORROA,89.38875
70508,OVEJAS,89.8125
70523,PALMITO,88.66
70670,SAMPUÉS,89.38250000000001
70678,SAN BENITO ABAD,90.525
73001,IBAGUÉ,87.3175
73024,ALPUJARRA,72.54249999999999
73026,ALVARADO,80.58875
73030,AMBALEMA,79.9675
73043,ANZOÁTEGUI,86.56125
73055,ARMERO,81.2775
73067,ATACO,75.075
73124,CAJAMARCA,92.86749999999999
73148,CARMEN DE APICALÁ,79.21375
73152,CASABIANCA,89.75874999999999
73168,CHAPARRAL,79.80625
73200,COELLO,78.08375
73217,COYAIMA,73.48875000000001
73226,CUNDAY,81.12125
73236,DOLORES,74.1275
73268,ESPINAL,77.24
73270,FALAN,83.55375000000001
73275,FLANDES,77.72875
73283,FRESNO,86.22999999999999
73319,GUAMO,74.61749999999999
73347,HERVEO,92.55125000000001
73349,HONDA,81.7775
73352,ICONONZO,83.51
73408,LÉRIDA,82.47625000000001
73411,LÍBANO,86.78875000000001
73449,MELGAR,80.3025
73461,MURILLO,92.26625
73483,NATAGAIMA,70.75750000000001
73504,ORTEGA,75.58500000000001
73520,PALOCABILDO,85.32000000000001
73547,PIEDRAS,79.36875
73555,PLANADAS,85.29249999999999
73563,PRADO,74.32000000000001
73585,PURIFICACIÓN,74.41375000000001
73616,RIOBLANCO,83.705
73622,RONCESVALLES,90.25750000000001
73624,ROVIRA,85.04875
73671,SALDAÑA,72.985
73675,SAN ANTONIO,85.28999999999999
76001,CALI,85.78
76020,ALCALÁ,90.88125
76036,ANDALUCÍA,88.64874999999999
76041,ANSERMANUEVO,89.55875
76054,ARGELIA,92.50750000000001
76100,BOLÍVAR,90.02374999999999
76109,BUENAVENTURA,94.28625
76111,GUADALAJARA DE BUGA,88.80625
76113,BUGALAGRANDE,88.58125
76122,CAICEDONIA,91.04125
76126,CALIMA,93.16125
76130,CANDELARIA,85.72999999999999
76147,CARTAGO,89.29875
76233,DAGUA,94.76875
76243,EL ÁGUILA,92.35249999999999
76246,EL CAIRO,96.01375
76248,EL CERRITO,87.85499999999999
76250,EL DOVIO,94.0775
76275,FLORIDA,87.05125000000001
76306,GINEBRA,88.345
76318,GUACARÍ,88.71124999999999
76364,JAMUNDÍ,86.57000000000001
76377,LA CUMBRE,89.9525
76400,LA UNIÓN,91.1725
76403,LA VICTORIA,89.66749999999999
76497,OBANDO,89.05499999999999
76520,PALMIRA,86.08375
76563,PRADERA,86.5725
76606,RESTREPO,91.375
76616,RIOFRÍO,89.4275
76622,ROLDANILLO,90.91625
81001,ARAUCA,93.75625
81065,ARAUQUITA,93.65125
81220,CRAVO NORTE,88.95625
81300,FORTUL,91.705
81591,PUERTO RONDÓN,90.60875
85010,AGUAZUL,90.88374999999999
85015,CHÁMEZA,92.775
85125,HATO COROZAL,88.87625
85136,LA SALINA,89.08375
85139,MANÍ,88.5
85162,MONTERREY,91.03
85225,NUNCHÍA,91.015
85230,OROCUÉ,87.0975
85250,PAZ DE ARIPORO,89.0275
85263,PORE,89.16125
85279,RECETOR,92.61875
85300,SABANALARGA,91.8925
85315,SÁCAMA,90.1275
86001,MOCOA,92.98375
86219,COLÓN,95.95375
86320,ORITO,90.23125
86568,PUERTO ASÍS,90.28999999999999
86569,PUERTO CAICEDO,90.0775
86571,PUERTO GUZMÁN,89.52875
86573,PUERTO LEGUÍZAMO,91.8225
88000,SAN ANDRÉS,81.61875
88564,PROVIDENCIA,80.0725
91001,LETICIA,89.33125
91263,EL ENCANTO,90.285
91405,LA CHORRERA,89.935
91407,LA PEDRERA,87.56
91460,MIRITÍ - PARANÁ,87.44375
91530,PUERTO ALEGRÍA,89.9725
91536,PUERTO ARICA,88.6725
91540,PUERTO NARIÑO,87.97875
91669,PUERTO SANTANDER,87.775
94001,INÍRIDA,89.70625
94343,BARRANCO MINAS,87.52875
94663,MAPIRIPANA,88.08624999999999
94884,PUERTO COLOMBIA,89.0325
94885,LA GUADALUPE,89.2025
94886,CACAHUAL,88.82625
94887,PANA PANA,88.33624999999999
94888,MORICHAL,86.30875
95015,CALAMAR,93.07875
95025,EL RETORNO,92.22
95200,MIRAFLORES,89.63624999999999
97001,MITÚ,87.53875000000001
97161,CARURÚ,87.385
97511,PACOA,88.73125
97777,PAPUNAHUA,88.66375000000001
99524,LA PRIMAVERA,88.55375000000001
99773,CUMARIBO,88.76375
05042,SANTA FÉ DE ANTIOQUIA,89.7675
05649,SAN CARLOS,90.115
05652,SAN FRANCISCO,90.5325
05656,SAN JERÓNIMO,88.99625
05658,SAN JOSÉ DE LA MONTAÑA,93.67
05659,SAN JUAN DE URABÁ,87.045
05660,SAN LUIS,89.10125000000001
05664,SAN PEDRO DE LOS MILAGROS,91.8425
05665,SAN PEDRO DE URABÁ,89.85499999999999
05667,SAN RAFAEL,91.06
05670,SAN ROQUE,91.8925
05674,SAN VICENTE FERRER,92.63
05679,SANTA BÁRBARA,91.965
05686,SANTA ROSA DE OSOS,93.51875
05690,SANTO DOMINGO,92.7775
05736,SEGOVIA,89.99375
05756,SONSÓN,94.295
05761,SOPETRÁN,88.7525
05789,TÁMESIS,91.60499999999999
05790,TARAZÁ,90.2675
05792,TARSO,91.12875
05809,TITIRIBÍ,90.01625
05819,TOLEDO,93.8375
05837,TURBO,86.72375
05842,URAMITA,94.66625
05847,URRAO,93.9225
05854,VALDIVIA,93.5
05856,VALPARAÍSO,92.1125
05858,VEGACHÍ,91.20750000000001
05861,VENECIA,90.21875
05873,VIGÍA DEL FUERTE,93.0325
05885,YALÍ,91.16
05887,YARUMAL,94.53
05890,YOLOMBÓ,91.9525
05893,YONDÓ,87.075
05895,ZARAGOZA,87.21875
08675,SANTA LUCÍA,84.575
08685,SANTO TOMÁS,84.56625
08758,SOLEDAD,83.2525
08770,SUAN,83.95125
08832,TUBARÁ,83.70125
08849,USIACURÍ,85.83125
13620,SAN CRISTÓBAL,85.70375
13647,SAN ESTANISLAO,86.345
13650,SAN FERNANDO,89.4125
13654,SAN JACINTO,88.66125
13655,SAN JACINTO DEL CAUCA,90.39625
13657,SAN JUAN NEPOMUCENO,87.61875
13667,SAN MARTÍN DE LOBA,88.95
13670,SAN PABLO,88.715
13673,SANTA CATALINA,84.06
13683,SANTA ROSA,84.5875
13688,SANTA ROSA DEL SUR,89.34875
13744,SIMITÍ,87.94125
13760,SOPLAVIENTO,86.19125
13780,TALAIGUA NUEVO,88.03999999999999
13810,TIQUISIO,89.655
13836,TURBACO,84.67999999999999
13838,TURBANÁ,85.18625
13873,VILLANUEVA,86.60249999999999
13894,ZAMBRANO,86.97375
15001,TUNJA,87.0025
15407,VILLA DE LEYVA,85.9975
15660,SAN EDUARDO,93.34375
15664,SAN JOSÉ DE PARE,90.05
15667,SAN LUIS DE GACENO,91.9125
15673,SAN MATEO,84.04249999999999
15676,SAN MIGUEL DE SEMA,84.54625
15681,SAN PABLO DE BORBUR,91.4825
15686,SANTANA,89.375
15690,SANTA MARÍA,92.6975
15693,SANTA ROSA DE VITERBO,83.79875
15696,SANTA SOFÍA,87.79249999999999
15720,SATIVANORTE,81.51375
15723,SATIVASUR,82.02625
15740,SIACHOQUE,88.965
15753,SOATÁ,80.6625
15755,SOCOTÁ,85.34125
15757,SOCHA,84.3575
15759,SOGAMOSO,84.20125
15761,SOMONDOCO,93.71000000000001
15762,SORA,85.61
15763,SOTAQUIRÁ,86.6275
15764,SORACÁ,87.60875
15774,SUSACÓN,80.1575
15776,SUTAMARCHÁN,86.18875
15778,SUTATENZA,93.52374999999999
15790,TASCO,85.10625
15798,TENZA,93.39625
15804,TIBANÁ,91.0725
15806,TIBASOSA,81.61625000000001
15808,TINJACÁ,85.52875
15810,TIPACOQUE,81.27875
15814,TOCA,87.95125
15816,TOGÜÍ,89.12875
15820,TÓPAGA,86.99375
15822,TOTA,86.73375
15832,TUNUNGUÁ,90.95125
15835,TURMEQUÉ,89.7525
15837,TUTA,86.84375
15839,TUTAZÁ,84.1075
15842,ÚMBITA,92.5125
15861,VENTAQUEMADA,87.89
15879,VIRACACHÁ,89.635
15897,ZETAQUIRA,93.1
17665,SAN JOSÉ,90.52374999999999
17777,SUPÍA,93.0275
17867,VICTORIA,85.44500000000001
17873,VILLAMARÍA,93.44375
17877,VITERBO,91.69125
18610,SAN JOSÉ DEL FRAGUA,92.0125
18753,SAN VICENTE DEL CAGUÁN,88.73875000000001
18756,SOLANO,90.22375
18785,SOLITA,90.94
18860,VALPARAÍSO,90.29625
19693,SAN SEBASTIÁN,91.565
19698,SANTANDER DE QUILICHAO,86.83250000000001
19701,SANTA ROSA,95.505
19743,SILVIA,90.82374999999999
19760,SOTARA,89.16749999999999
19780,SUÁREZ,91.0175
19785,SUCRE,83.81625
19807,TIMBÍO,88.10249999999999
19809,TIMBIQUÍ,90.36875
19821,TORIBÍO,90.88374999999999
19824,TOTORÓ,90.215
19845,VILLA RICA,85.9125
20001,VALLEDUPAR,81.875
20750,SAN DIEGO,84.10499999999999
20770,SAN MARTÍN,87.67875000000001
20787,TAMALAMEQUE,86.51875
23675,SAN BERNARDO DEL VIENTO,83.70625
23678,SAN CARLOS,89.55
23682,SAN JOSÉ DE URÉ,89.52875
23686,SAN PELAYO,89.75125
23807,TIERRALTA,89.54625
23815,TUCHÍN,89.55875
23855,VALENCIA,88.2875
25506,VENECIA,87.1525
25649,SAN BERNARDO,85.85249999999999
25653,SAN CAYETANO,89.36625000000001
25658,SAN FRANCISCO,87.64125
25662,SAN JUAN DE RIOSECO,82.66
25718,SASAIMA,87.7
25736,SESQUILÉ,87.66625
25740,SIBATÉ,82.38
25743,SILVANIA,81.8
25745,SIMIJACA,87.125
25754,SOACHA,83.61
25758,SOPÓ,86.03125
25769,SUBACHOQUE,86.255
25772,SUESCA,87.27000000000001
25777,SUPATÁ,88.51375
25779,SUSA,86.03125
25781,SUTATAUSA,86.80125000000001
25785,TABIO,85.52875
25793,TAUSA,86.89874999999999
25797,TENA,82.49875
25799,TENJO,85.655
25805,TIBACUY,81.44375
25807,TIBIRITA,93.02125
25815,TOCAIMA,78.01124999999999
25817,TOCANCIPÁ,86.22875
25823,TOPAIPÍ,91.61625000000001
25839,UBALÁ,94.83375
25841,UBAQUE,91.79625
25843,VILLA DE SAN DIEGO DE UBATÉ,86.35
25845,UNE,91.2175
25851,ÚTICA,89.91125
25862,VERGARA,89.46000000000001
25867,VIANÍ,84.58624999999999
25871,VILLAGÓMEZ,90.8125
25873,VILLAPINZÓN,89.9875
25875,VILLETA,88.4375
25878,VIOTÁ,78.60249999999999
25885,YACOPÍ,91.965
25898,ZIPACÓN,84.49
25899,ZIPAQUIRÁ,84.825
27660,SAN JOSÉ DEL PALMAR,96.38374999999999
27745,SIPÍ,95.76124999999999
27787,TADÓ,94.66125
27800,UNGUÍA,91.49125000000001
27810,UNIÓN PANAMERICANA,95.18625
41676,SANTA MARÍA,80.12625
41770,SUAZA,90.9675
41791,TARQUI,86.8275
41797,TESALIA,79.4625
41799,TELLO,73.71000000000001
41801,TERUEL,74.46000000000001
41807,TIMANÁ,90.60875
41872,VILLAVIEJA,67.435
41885,YAGUARÁ,71.74249999999999
44650,SAN JUAN DEL CESAR,81.39874999999999
44847,URIBIA,62.085
44855,URUMITA,87.01124999999999
44874,VILLANUEVA,86.1075
47001,SANTA MARTA,82.84375
47692,SAN SEBASTIÁN DE BUENAVISTA,89.16625
47703,SAN ZENÓN,88.47
47707,SANTA ANA,87.92625000000001
47720,SANTA BÁRBARA DE PINTO,87.33624999999999
47745,SITIONUEVO,84.2225
47798,TENERIFE,86.19874999999999
47960,ZAPAYÁN,83.57875
47980,ZONA BANANERA,84.07875
50001,VILLAVICENCIO,91.075
50370,URIBE,93.14375
50680,SAN CARLOS DE GUAROA,90.47125
50683,SAN JUAN DE ARAMA,91.97999999999999
50686,SAN JUANITO,94.38
50689,SAN MARTÍN,88.57124999999999
50711,VISTAHERMOSA,91.8075
52683,SANDONÁ,87.36625000000001
52685,SAN BERNARDO,87.30875
52687,SAN LORENZO,82.4875
52693,SAN PABLO,85.095
52694,SAN PEDRO DE CARTAGO,84.75
52696,SANTA BÁRBARA,91.82625
52699,SANTACRUZ,90.93125
52720,SAPUYES,89.19624999999999
52786,TAMINANGO,82.3475
52788,TANGUA,90.15875
52838,TÚQUERRES,89.30499999999999
52885,YACUANQUER,89.70875
54670,SAN CALIXTO,88.875
54673,SAN CAYETANO,74.40125
54680,SANTIAGO,77.24375
54720,SARDINATA,83.0125
54743,SILOS,91.55125000000001
54800,TEORAMA,88.99125000000001
54810,TIBÚ,85.40875
54820,TOLEDO,92.02875
54871,VILLA CARO,88.77875
54874,VILLA DEL ROSARIO,71.55125000000001
66682,SANTA ROSA DE CABAL,91.825
66687,SANTUARIO,93.29249999999999
68679,SAN GIL,86.965
68682,SAN JOAQUÍN,84.4075
68684,SAN JOSÉ DE MIRANDA,84.80625
68686,SAN MIGUEL,85.2475
68689,SAN VICENTE DE CHUCURÍ,88.57875
68705,SANTA BÁRBARA,89.5375
68720,SANTA HELENA DEL OPÓN,90.07000000000001
68745,SIMACOTA,89.56625
68755,SOCORRO,87.60375
68770,SUAITA,89.39375
68773,SUCRE,92.15625
68780,SURATÁ,88.2825
68820,TONA,88.74249999999999
68855,VALLE DE SAN JOSÉ,88.135
68861,VÉLEZ,92.0475
68867,VETAS,89.6425
68872,VILLANUEVA,85.30375000000001
68895,ZAPATOCA,85.69125
70001,SINCELEJO,89.3075
70678,SAN BENITO ABAD,88.6890625
70702,SAN JUAN DE BETULIA,89.2675
70708,SAN MARCOS,90.2175
70713,SAN ONOFRE,87.4375
70717,SAN PEDRO,88.31125
70742,SAN LUIS DE SINCÉ,88.7825
70771,SUCRE,91.54125
70820,SANTIAGO DE TOLÚ,85.69
70823,TOLÚ VIEJO,88.71124999999999
73443,SAN SEBASTIÁN DE MARIQUITA,83.45375
73678,SAN LUIS,78.10875
73686,SANTA ISABEL,88.41625
73770,SUÁREZ,77.60875
73854,VALLE DE SAN JUAN,80.27875
73861,VENADILLO,83.22625000000001
73870,VILLAHERMOSA,89.56875
73873,VILLARRICA,86.07875
76670,SAN PEDRO,87.93125
76736,SEVILLA,89.55625
76823,TORO,90.81125
76828,TRUJILLO,90.84875
76834,TULUÁ,88.46875
76845,ULLOA,91.25625
76863,VERSALLES,93.8575
76869,VIJES,88.09
76890,YOTOCO,89.9975
76892,YUMBO,85.65
76895,ZARZAL,89.54875
81736,SARAVENA,92.135
81794,TAME,89.27250000000001
85001,YOPAL,91.2525
85325,SAN LUIS DE PALENQUE,89.58875
85400,TÁMARA,90.46000000000001
85410,TAURAMENA,90.7825
85430,TRINIDAD,89.50375
85440,VILLANUEVA,89.9
86749,SIBUNDOY,95.53
86755,SAN FRANCISCO,95.04875
86757,SAN MIGUEL,89.8075
86760,SANTIAGO,96.095
86865,VALLE DEL GUAMUEZ,89.935
86885,VILLAGARZÓN,91.05375000000001
91798,TARAPACÁ,88.91499999999999
94883,SAN FELIPE,89.84875
95001,SAN JOSÉ DEL GUAVIARE,91.69125
97666,TARAIRA,87.83624999999999
97889,YAVARATÉ,87.94197530864197
99624,SANTA ROSALÍA,87.5
CC,CARIBE CENTRO,82.68720930232558
CE,CARIBE ORIENTE,86.81046511627906
CO,CARIBE OCCIDENTE,78.46511627906976
PC,PACÍFICO CENTRO,87.28488372093024
PN,PACÍFICO NORTE,85.76744186046511
PS,PACÍFICO SUR,80.47441860465116
